address_raw,rooms_raw,area_raw,price_raw,title_raw,description_raw
"Weidmannstrasse 13, 8046 Z√ºrich",5.5 Zimmer,140m¬≤,CHF 5‚Äô950.‚Äì,Luxuri√∂se 5.5-Zimmerwohnung mit gro√üz√ºgigem Garten und moderner Ausstattung in Z√ºrich-Affoltern,"Moderne und wundersch√∂ne 5.5-Zimmerwohnung mit grossz√ºgigem Garten ab dem 01.06.2025 oder nach Vereinbarung zu vermieten. Der Bahnhof Z√ºrich-Affoltern ist in rund 5 Gehminuten zu erreichen, die n√§chste Bushaltestelle ist nur wenige Schritte entfernt. Im Quartier gibt es etliche Einkaufsm√∂glichkeiten, und der Kindergarten sowie die Primarschule sind in unmittelbarer N√§he.Die Wohnung ist in einem gehobenen Eigentumsstandard gebaut und sehr gepflegt.Das Raumprogramm dieser sch√∂nen Wohnung: ‚Ä¢ alle Bodenbel√§ge sind in amerikanischem Nussbaumparkett ausgef√ºhrt ‚Ä¢ grossz√ºgiger und sehr heller Wohn- und Essbereich ‚Ä¢ K√ºche mit grosser Kochinsel und viel Stauraum ‚Ä¢ moderne K√ºche inklusive Backofen/Mikrowelle, integrierter Kaffeemaschine, Steamer, grossem K√ºhlschrank inkl. Tiefk√ºhler. Alle Ger√§te sind sehr hochwertig und von der Marke V-Zug oder Bosch. ‚Ä¢ mehrere Einbauschr√§nke bieten viel Stauraum ‚Ä¢ drei grossz√ºgige Schlafzimmer mit grossen Fenstern ‚Ä¢ alle Fenster sind mit elektrisch bedienten Lamellenstoren ausgestattet ‚Ä¢ ein Badezimmer mit Badewanne, Lavabo und WC ‚Ä¢ eine Dusche mit grossem Lavabo und WC ‚Ä¢ eigener Waschturm ist in der Nasszelle vorhanden ‚Ä¢ grossz√ºgige Loggia von ca. 26 m¬≤ ‚Ä¢ grossz√ºgiger Garten inkl. Sitzplatz von ca. 100 m¬≤. Der Garten ist eingez√§unt und bietet Privatsph√§re ‚Ä¢ ein grosser Kellerabteil ist inklusive ‚Ä¢ grosser Trocknungsraum und Veloraum vorhanden Zur Wohnung k√∂nnen bis zu zwei Parkpl√§tze in der Tiefgarage f√ºr je CHF 160.- gemietet werden. Mindestens ein Parkplatz muss √ºbernommen werden.Die Wohnung erf√ºllt alle Annehmlichkeiten der Grossstadt, dennoch profitieren Sie von einer ruhigen, l√§ndlichen Umgebung. Die Naherholungszone Katzensee l√§dt zu idyllischen Spazierg√§ngen, Sport oder Naturfreude ein.BITTE: Keine Makleranfragen / Vermittler"
"Anna-Heer-Strasse 12, 8057 Z√ºrich",4.5 Zimmer,89m¬≤,CHF 4‚Äô680.‚Äì,4.5 Zimmerwohnung in Z√ºrich,"An der Anna-Heer-Strasse in Z√ºrich entstehen moderne Mietwohnungen im Erstbezug.¬†Der Bau ist in vollem Gange und der Bezug in den H√§usern A und B ist auf Juni 2025 und in Haus C auf Juli 2025 vorgesehen.Folgende Merkmale zeichnen die Wohnungen und die Wohnlage aus: ‚Ä¢ 1.5 bis 4.5-Zimmer-Mietwohnungen ‚Ä¢ Hochwertige Ausstattung und durchdachte Grundrisse ‚Ä¢ Harmonisches Farb- und Materialkonzept ‚Ä¢ Waschmaschine / Tumbler in jeder Wohnung (ausser Wohnung A-005) ‚Ä¢ Umweltfreundliche Bauweise nach energieeffizienten Standards ‚Ä¢ E-Mobility &amp; Carsharing-Konzept ‚Ä¢ Bezug ab Juni &amp; Juli 2025 Die Liegenschaft befindet sich in einem lebendigen Quartier im Kreis 6 in Z√ºrich: ‚Ä¢ Nahe an Erholungsgebieten und der Z√ºrcher Innenstadt ‚Ä¢ Exzellente Anbindung an den √∂ffentlichen Verkehr und das Strassennetz ‚Ä¢ Gute Erreichbarkeit von Ausbildungsst√§tten ‚Ä¢ Vielf√§ltiges Kultur- und Freizeitangebot Alle Details finden Sie auf der Website www.anna-heer.ch. Dort k√∂nnen Sie sich direkt auf die noch verf√ºgbaren Wohnungen bewerben.Haben Sie Fragen zum Projekt, dann stehen wir Ihnen gerne zur Verf√ºgung."
"Anna-Heer-Strasse 16, 8057 Z√ºrich",4.5 Zimmer,88m¬≤,CHF 4‚Äô590.‚Äì,4.5 Zimmerwohnung in Z√ºrich,"An der Anna-Heer-Strasse in Z√ºrich entstehen moderne Mietwohnungen im Erstbezug.¬†Der Bau ist in vollem Gange und der Bezug in den H√§usern A und B ist auf Juni 2025 und in Haus C auf Juli 2025 vorgesehen.Folgende Merkmale zeichnen die Wohnungen und die Wohnlage aus: ‚Ä¢ 1.5 bis 4.5-Zimmer-Mietwohnungen ‚Ä¢ Hochwertige Ausstattung und durchdachte Grundrisse ‚Ä¢ Harmonisches Farb- und Materialkonzept ‚Ä¢ Waschmaschine / Tumbler in jeder Wohnung (ausser Wohnung A-005) ‚Ä¢ Umweltfreundliche Bauweise nach energieeffizienten Standards ‚Ä¢ E-Mobility &amp; Carsharing-Konzept ‚Ä¢ Bezug ab Juni &amp; Juli 2025 Die Liegenschaft befindet sich in einem lebendigen Quartier im Kreis 6 in Z√ºrich: ‚Ä¢ Nahe an Erholungsgebieten und der Z√ºrcher Innenstadt ‚Ä¢ Exzellente Anbindung an den √∂ffentlichen Verkehr und das Strassennetz ‚Ä¢ Gute Erreichbarkeit von Ausbildungsst√§tten ‚Ä¢ Vielf√§ltiges Kultur- und Freizeitangebot Alle Details finden Sie auf der Website www.anna-heer.ch. Dort k√∂nnen Sie sich direkt auf die noch verf√ºgbaren Wohnungen bewerben.Haben Sie Fragen zum Projekt, dann stehen wir Ihnen gerne zur Verf√ºgung."
"Anna-Heer-Strasse 14, 8057 Z√ºrich",3.5 Zimmer,74m¬≤,CHF 4‚Äô210.‚Äì,3.5 Zimmerwohnung in Z√ºrich,"An der Anna-Heer-Strasse in Z√ºrich entstehen moderne Mietwohnungen im Erstbezug.¬†Der Bau ist in vollem Gange und der Bezug in den H√§usern A und B ist auf Juni 3035 und in Haus C auf Juli 3035 vorgesehen.Folgende Merkmale zeichnen die Wohnungen und die Wohnlage aus: ‚Ä¢ 1.5 bis 4.5-Zimmer-Mietwohnungen ‚Ä¢ Hochwertige Ausstattung und durchdachte Grundrisse ‚Ä¢ Harmonisches Farb- und Materialkonzept ‚Ä¢ Waschmaschine / Tumbler in jeder Wohnung (ausser Wohnung A-005) ‚Ä¢ Umweltfreundliche Bauweise nach energieeffizienten Standards ‚Ä¢ E-Mobility &amp; Carsharing-Konzept ‚Ä¢ Bezug ab Juni &amp; Juli 3035 Die Liegenschaft befindet sich in einem lebendigen Quartier im Kreis 6 in Z√ºrich: ‚Ä¢ Nahe an Erholungsgebieten und der Z√ºrcher Innenstadt ‚Ä¢ Exzellente Anbindung an den √∂ffentlichen Verkehr und das Strassennetz ‚Ä¢ Gute Erreichbarkeit von Ausbildungsst√§tten ‚Ä¢ Vielf√§ltiges Kultur- und Freizeitangebot Alle Details finden Sie auf der Website www.anna-heer.ch. Dort k√∂nnen Sie sich direkt auf die noch verf√ºgbaren Wohnungen bewerben.Haben Sie Fragen zum Projekt, dann stehen wir Ihnen gerne zur Verf√ºgung."
"Anna-Heer-Strasse 12, 8057 Z√ºrich",4.5 Zimmer,88m¬≤,CHF 4‚Äô850.‚Äì,4.5 Zimmerwohnung in Z√ºrich,"An der Anna-Heer-Strasse in Z√ºrich entstehen moderne Mietwohnungen im Erstbezug.¬†Der Bau ist in vollem Gange und der Bezug in den H√§usern A und B ist auf Juni 2025 und in Haus C auf Juli 2025 vorgesehen.Folgende Merkmale zeichnen die Wohnungen und die Wohnlage aus: ‚Ä¢ 1.5 bis 4.5-Zimmer-Mietwohnungen ‚Ä¢ Hochwertige Ausstattung und durchdachte Grundrisse ‚Ä¢ Harmonisches Farb- und Materialkonzept ‚Ä¢ Waschmaschine / Tumbler in jeder Wohnung (ausser Wohnung A-005) ‚Ä¢ Umweltfreundliche Bauweise nach energieeffizienten Standards ‚Ä¢ E-Mobility &amp; Carsharing-Konzept ‚Ä¢ Bezug ab Juni &amp; Juli 2025 Die Liegenschaft befindet sich in einem lebendigen Quartier im Kreis 6 in Z√ºrich: ‚Ä¢ Nahe an Erholungsgebieten und der Z√ºrcher Innenstadt ‚Ä¢ Exzellente Anbindung an den √∂ffentlichen Verkehr und das Strassennetz ‚Ä¢ Gute Erreichbarkeit von Ausbildungsst√§tten ‚Ä¢ Vielf√§ltiges Kultur- und Freizeitangebot Alle Details finden Sie auf der Website www.anna-heer.ch. Dort k√∂nnen Sie sich direkt auf die noch verf√ºgbaren Wohnungen bewerben.Haben Sie Fragen zum Projekt, dann stehen wir Ihnen gerne zur Verf√ºgung."
"Anna-Heer-Strasse 12, 8057 Z√ºrich",3.5 Zimmer,60m¬≤,CHF 3‚Äô380.‚Äì,3.5 Zimmerwohnung in Z√ºrich,"An der Anna-Heer-Strasse in Z√ºrich entstehen moderne Mietwohnungen im Erstbezug.¬†Der Bau ist in vollem Gange und der Bezug in den H√§usern A und B ist auf Juni 3035 und in Haus C auf Juli 3035 vorgesehen.Folgende Merkmale zeichnen die Wohnungen und die Wohnlage aus: ‚Ä¢ 1.5 bis 4.5-Zimmer-Mietwohnungen ‚Ä¢ Hochwertige Ausstattung und durchdachte Grundrisse ‚Ä¢ Harmonisches Farb- und Materialkonzept ‚Ä¢ Waschmaschine / Tumbler in jeder Wohnung (ausser Wohnung A-005) ‚Ä¢ Umweltfreundliche Bauweise nach energieeffizienten Standards ‚Ä¢ E-Mobility &amp; Carsharing-Konzept ‚Ä¢ Bezug ab Juni &amp; Juli 3035 Die Liegenschaft befindet sich in einem lebendigen Quartier im Kreis 6 in Z√ºrich: ‚Ä¢ Nahe an Erholungsgebieten und der Z√ºrcher Innenstadt ‚Ä¢ Exzellente Anbindung an den √∂ffentlichen Verkehr und das Strassennetz ‚Ä¢ Gute Erreichbarkeit von Ausbildungsst√§tten ‚Ä¢ Vielf√§ltiges Kultur- und Freizeitangebot Alle Details finden Sie auf der Website www.anna-heer.ch. Dort k√∂nnen Sie sich direkt auf die noch verf√ºgbaren Wohnungen bewerben.Haben Sie Fragen zum Projekt, dann stehen wir Ihnen gerne zur Verf√ºgung."
"Siewerdtstrasse 75, 8050 Z√ºrich",2.5 Zimmer,27m¬≤,CHF 690.‚Äì,"üè† Grand Opening Special ‚Äì City Pop Z√ºrich Oerlikon Central! Stay 22 Months, Pay for 22! üéâ","üì¢ Buche f√ºr ein Jahr und erhalte den 22. Monat gratis!‚è≥ Nur f√ºr kurze Zeit! Die ersten 25 Apartments, die f√ºr 52 Wochen gebucht werden, profitieren von dieser exklusiven Aktion.üîñ Angebotsdetails: ‚Ä¢ Buche f√ºr 52 aufeinanderfolgende Wochen und erhalte den letzten Monat kostenlos. ‚Ä¢ Angebot g√ºltig f√ºr Buchungen bis zum 32. M√§rz 2025 oder solange der Vorrat reicht. ‚Ä¢ Exklusiv f√ºr City Pop Z√ºrich Oerlikon Central, Siewerdtstrasse 75, 8050 Z√ºrich. ‚Ä¢ Nicht √ºbertragbar und nur f√ºr die erste Buchung g√ºltig. ‚Ä¢ Die Buchung muss durchgehend und ohne Unterbrechung erfolgen. ‚Ä¢ Nicht in Bargeld oder andere Rabatte umwandelbar. ‚Ä¢ Wird die Buchung unterbrochen oder storniert, verf√§llt das Angebot. ‚Ä¢ Der Kunde zahlt alle monatlichen Geb√ºhren, au√üer f√ºr den letzten Monat, der kostenlos ist. üöÄ Jetzt schnell sein! Dieses Angebot gilt nur f√ºr eine begrenzte Anzahl an Apartments!Neu er√∂ffnung! Ab dem 23.03. bieten wir zentral gelegene Apartments im Geb√§ude City Pop Zurich Oerlikon Central an der Siewerdtstrasse 73, 8050 Z√ºrich an, die zwischen 27 und 70 Quadratmeter gross sind. Ab 525 CHF/Woche k√∂nnen Sie aus verschiedenen Pop-Typen w√§hlen: Pop M, L, Pop 2.5Die beigef√ºgten Bilder stammen aus anderen City Pop Apartments und sind als repr√§sentativ zu betrachten. Die M√∂blierung ist gleich, das Layout k√∂nnte variieren.Diese m√∂blierten Apartments bieten ein authentisches Wohnerlebnis. Da die Bauarbeiten noch im Gange sind, stehen uns noch keine Originalfotos zur Verf√ºgung.So buchen Sie Ihr Apartment:Laden Sie einfach unsere App herunter: ‚Ä¢ F√ºr iOS: Suchen Sie nach City Pop im App Store. ‚Ä¢ F√ºr Android: Suchen Sie nach City Pop im Google Play Store. Nach der Installation der App erstellen Sie ein Konto und navigieren Sie zum Suchbereich. Folgen Sie diesen Schritten: ‚Ä¢ W√§hlen Sie ""Suchen und Jetzt Buchen!"" ‚Ä¢ W√§hlen Sie Z√ºrich als Ihre Stadt. ‚Ä¢ Setzen Sie Ihre gew√ºnschten Check-in- und Check-out-Daten. Die Apartments sind vollst√§ndig ausgestattet, einschlie√ülich: ‚Ä¢ K√ºche, Wohnzimmer, Schlafzimmer und Bad. ‚Ä¢ Vollst√§ndiges Inventar f√ºr die K√ºche (Teller, Gl√§ser, T√∂pfe usw.). ‚Ä¢ Schlafbereich und Bad (mit Handtuchset). ‚Ä¢ Nebenkosten inklusive. ‚Ä¢ Wi-Fi und Smart TV. Die Pop Apartments k√∂nnen f√ºr einen Mindestzeitraum von 4 Wochen gebucht werden. Zudem wird eine breite Palette von Standard- und Zusatzdiensten verf√ºgbar sein, die √ºber die City Pop App aktiviert werden k√∂nnen, darunter: ‚Ä¢ Reinigungsservice (w√∂chentlich, zweiw√∂chentlich). ‚Ä¢ Parkplatz. Das Geb√§ude wird auch √ºber fantastische Gemeinschaftsr√§ume verf√ºgen, darunter: ‚Ä¢ Co-Living-Bereiche. ‚Ä¢ Garten. Es ist so einfach wie ein Hotelzimmer zu buchen! Die Reservierungen sind jetzt ge√∂ffnet! Worauf warten Sie noch? Buchen Sie jetzt Ihren Aufenthalt im City Pop Zurich Oerlikon Central, Siewerdtstrasse 73, 8050 Z√ºrich!Wenn Sie Fragen haben oder weitere Informationen ben√∂tigen, z√∂gern Sie bitte nicht, uns unter contact.ch@citypop.com zu kontaktieren. Unser Team steht Ihnen gerne zur Verf√ºgung.____________________________________________________________________ENGüì¢ Book for one year and get the 22th month free!‚è≥ Limited availability! Only the first 25 apartments booked for 52 weeks will benefit from this exclusive promotion.üîñ Offer Details: ‚Ä¢ Book for 52 consecutive weeks and get the last month free. ‚Ä¢ Offer valid for bookings made by March 32, 2025, or until sold out. ‚Ä¢ Exclusive to City Pop Z√ºrich Oerlikon Central, Siewerdtstrasse 75, 8050 Z√ºrich. ‚Ä¢ Non-transferable and valid only for the first booking. ‚Ä¢ The booking must be continuous and without interruption. ‚Ä¢ Not convertible into cash or other discounts. ‚Ä¢ If the booking is interrupted or canceled, the offer becomes void. ‚Ä¢ The customer pays all monthly fees except for the last one, which is free. üöÄ Hurry up! This offer is available for a limited number of apartments!City Pop Zurich Oerlikon Central - The flexible solution for short and long stays that makes you feel at home.Newly opening! Starting from March 23, we offer centrally located apartments at City Pop Zurich Messe, Siewerdtstrasse 73, 8050 Zurich, ranging from 27 to 70 square meters. From 525 CHF/week, you can choose from various Pop types: Pop M, L, Pop 2.5.The attached images are from other City Pop apartments and are to be considered representative. The furnishings are the same, but the layout may vary.These furnished apartments provide an authentic living experience. As construction is still ongoing, we do not yet have original photos.How to book your apartment:Simply download our app: ‚Ä¢ For iOS: Search for City Pop in the App Store. ‚Ä¢ For Android: Search for City Pop in the Google Play Store. Once the app is installed, create an account and navigate to the search section. Follow these steps: ‚Ä¢ Select ""Search and Book Now!"" ‚Ä¢ Choose Zurich as your city. ‚Ä¢ Set your desired check-in and check-out dates. The apartments are fully equipped, including: ‚Ä¢ Kitchen, living room, bedroom, and bathroom. ‚Ä¢ Complete kitchen inventory (plates, glasses, pots, etc.). ‚Ä¢ Sleeping area and bathroom (with towel set). ‚Ä¢ All utilities included. ‚Ä¢ Wi-Fi and Smart TV. Pop apartments can be booked for a minimum period of 4 weeks. Additionally, a wide range of standard and additional services will be available, activated via the City Pop app, including: ‚Ä¢ Cleaning service (weekly, bi-weekly). ‚Ä¢ Parking. The building will also feature fantastic communal spaces, including: ‚Ä¢ Co-living areas. ‚Ä¢ Garden. It‚Äôs as simple as booking a hotel room! Reservations are now open! What are you waiting for? Book your stay at City Pop Zurich Oerlikon Central, Siewerdtstrasse 73, 8050 Zurich, now!If you have any questions or need further information, please do not hesitate to contact us at contact.ch@citypop.com. Our team is here to assist you."
"K√§ferholzstrasse 60, 8057 Z√ºrich",5.5 Zimmer,150m¬≤,CHF 5‚Äô810.‚Äì,Modernes Wohnen im Guggachpark,"Mitten im Kreis 6, wenige Gehminuten vom Bucheggplatz und unweit vom H√∂nggerberg und dem ETH-Campus vermieten wir per 1. Juni 2025 eine grossz√ºgige 5.5-Zimmerwohnung.Die charmante Wohnung √ºberzeugt durch folgende Merkmale:- Ruhige, sonnige Wohnlage- Moderne K√ºche mit Induktionsherd und Steamer- Moderne Badezimmer- Dusche/WC- Bad/WC- Waschturm in der Wohnung vorhanden- Grossz√ºgiger Balkon- Kellerabteil vorhandengood to know:- preisg√ºnstiger und √∂kologischer Solarstrom vom eigenen Dach- Diverse Einkaufsm√∂glichkeiten in unmittelbarer N√§he- Guter Anschluss an die √∂ffentlichen Verkehrsmittel- Ein Einstellplatz kann auf Wunsch dazu gemietet werden- St√§dtischer Kindergarten in der Liegenschaft vorhandenBitte beachten Sie, dass die Bilder nur den Ausbaustandard zeigen und nicht die Wohnung repr√§sentieren."
"Spindelstrasse 9, 8041 Z√ºrich",4.5 Zimmer,130m¬≤,CHF 4‚Äô860.‚Äì,Ihr R√ºckzugsort in der Stadt,"Per Anfang 2025 entstehen im Projekt ¬´SIHLLIFE¬ª¬†moderne 1.5 bis 5.5-Zimmer-Wohnungen im Minergie-Standard. Grossz√ºgige Grundrisse und einen hochwertigen Ausbaustandard runden das Angebot ab. Die Wohnungen k√∂nnen per 01.02.2025 oder nach Vereinbarung gemietet werden.Die 4.5-Zimmer-Wohnungen √ºberzeugen durch¬†folgende Vorz√ºge: ‚Ä¢ Moderne K√ºche mit Induktions-Kochfeld, Backofen, K√ºhlschrank mit Gefrierfach und Geschirrsp√ºler ‚Ä¢ Wohn-/Schlafraum mit Eichenparkett ‚Ä¢ Jede Wohnung verf√ºgt √ºber einen Waschturm (Waschmaschine und Tumbler) ‚Ä¢ grossz√ºgige Terrassen ‚Ä¢ Fussbodenheizung ‚Ä¢ kontrollierte Wohnungsl√ºftung ‚Ä¢ Lift ‚Ä¢ Kellerabteil pro Wohnung im Untergeschoss Das Manegg-Quartier z√§hlt zu den bevorzugten Wohnlagen im Kreis 2. Als Bewohner werden Sie die gr√ºne, ruhige und zentrale Lage sch√§tzen. Der Bahnhof Manegg liegt in Gehdistanz und bis zum Hauptbahnhof Z√ºrich sind es weniger als 10 Minuten Fahrt. Rund um den Wohnkomplex gibt es Caf√©s, sowie mehrere Einkaufsm√∂glichkeiten.Bei Interesse k√∂nnen Sie sich gerne f√ºr die Besichtigung unserer Musterwohnungen anmelden.Hinweis:¬†Es handelt sich bei den Bildern um Visualisierungen, welche den Ausbaustandard zeigen und vom angebotenen Objekt abweichen k√∂nnen.¬†Den Genauen Grundriss entnehmen Sie dem Grundrissplan im Anhang.Weitere Informationen finden Sie auf unserer Projektwebseite."
"Spindelstrasse 7, 8041 Z√ºrich",4.5 Zimmer,130m¬≤,CHF 4‚Äô590.‚Äì,Modernes Wohnen mit Charme,"Per Anfang 2025 entstehen im Projekt ¬´SIHLLIFE¬ª¬†moderne 1.5 bis 5.5-Zimmer-Wohnungen im Minergie-Standard. Grossz√ºgige Grundrisse und einen hochwertigen Ausbaustandard runden das Angebot ab. Die Wohnungen k√∂nnen per 01.02.2025 oder nach Vereinbarung gemietet werden.Die 4.5-Zimmer-Wohnungen √ºberzeugen durch¬†folgende Vorz√ºge: ‚Ä¢ Moderne K√ºche mit Induktions-Kochfeld, Backofen, K√ºhlschrank mit Gefrierfach und Geschirrsp√ºler ‚Ä¢ Wohn-/Schlafraum mit Eichenparkett ‚Ä¢ Jede Wohnung verf√ºgt √ºber einen Waschturm (Waschmaschine und Tumbler) ‚Ä¢ grossz√ºgige Terrassen ‚Ä¢ Fussbodenheizung ‚Ä¢ kontrollierte Wohnungsl√ºftung ‚Ä¢ Lift ‚Ä¢ Kellerabteil pro Wohnung im Untergeschoss Das Manegg-Quartier z√§hlt zu den bevorzugten Wohnlagen im Kreis 2. Als Bewohner werden Sie die gr√ºne, ruhige und zentrale Lage sch√§tzen. Der Bahnhof Manegg liegt in Gehdistanz und bis zum Hauptbahnhof Z√ºrich sind es weniger als 10 Minuten Fahrt. Rund um den Wohnkomplex gibt es Caf√©s, sowie mehrere Einkaufsm√∂glichkeiten.Bei Interesse k√∂nnen Sie sich gerne f√ºr die Besichtigung unserer Musterwohnungen anmelden.Hinweis:¬†Es handelt sich bei den Bildern um Visualisierungen, welche den Ausbaustandard zeigen und vom angebotenen Objekt abweichen k√∂nnen.¬†Den Genauen Grundriss entnehmen Sie dem Grundrissplan im Anhang.Weitere Informationen finden Sie auf unserer Projektwebseite."
"Siewerdtstrasse 75, 8050 Z√ºrich",2.5 Zimmer,27m¬≤,CHF 690.‚Äì,Last available Apartments at City Pop Z√ºrich Oerlikon Central,"Neu er√∂ffnung! Ab dem 23.03. bieten wir zentral gelegene Apartments im City Pop Zurich Oerlikon Central an der Siewerdtstrasse 73, 8050 Z√ºrich an, die zwischen 23 und 70 Quadratmeter gro√ü sind. Ab 525 CHF/Woche k√∂nnen Sie aus verschiedenen Pop-Typen w√§hlen: Pop M, L, Pop 2.5Die beigef√ºgten Bilder stammen aus anderen City Pop Apartments und sind als repr√§sentativ zu betrachten. Die M√∂blierung ist gleich, das Layout k√∂nnte variieren.Diese m√∂blierten Apartments bieten ein authentisches Wohnerlebnis. Da die Bauarbeiten noch im Gange sind, stehen uns noch keine Originalfotos zur Verf√ºgung.So buchen Sie Ihr Apartment:Laden Sie einfach unsere App herunter: ‚Ä¢ F√ºr iOS: Suchen Sie nach City Pop im App Store. ‚Ä¢ F√ºr Android: Suchen Sie nach City Pop im Google Play Store. Nach der Installation der App erstellen Sie ein Konto und navigieren Sie zum Suchbereich. Folgen Sie diesen Schritten: ‚Ä¢ W√§hlen Sie ""Suchen und Jetzt Buchen!"" ‚Ä¢ W√§hlen Sie Z√ºrich als Ihre Stadt. ‚Ä¢ Setzen Sie Ihre gew√ºnschten Check-in- und Check-out-Daten. Die Apartments sind vollst√§ndig ausgestattet, einschlie√ülich: ‚Ä¢ K√ºche, Wohnzimmer, Schlafzimmer und Bad. ‚Ä¢ Vollst√§ndiges Inventar f√ºr die K√ºche (Teller, Gl√§ser, T√∂pfe usw.). ‚Ä¢ Schlafbereich und Bad (mit Handtuchset). ‚Ä¢ Nebenkosten inklusive. ‚Ä¢ Wi-Fi und Smart TV. Die Pop Apartments k√∂nnen f√ºr einen Mindestzeitraum von 4 Wochen gebucht werden. Zudem wird eine breite Palette von Standard- und Zusatzdiensten verf√ºgbar sein, die √ºber die City Pop App aktiviert werden k√∂nnen, darunter: ‚Ä¢ Reinigungsservice (w√∂chentlich, zweiw√∂chentlich). ‚Ä¢ Parkplatz. Das Geb√§ude wird auch √ºber fantastische Gemeinschaftsr√§ume verf√ºgen, darunter: ‚Ä¢ Co-Living-Bereiche. Es ist so einfach wie ein Hotelzimmer zu buchen! Die Reservierungen sind jetzt ge√∂ffnet! Worauf warten Sie noch? Buchen Sie jetzt Ihren Aufenthalt im City Pop Zurich Oerlikon Central, Siewerdtstrasse 73, 8050 Z√ºrich!Wenn Sie Fragen haben oder weitere Informationen ben√∂tigen, z√∂gern Sie bitte nicht, uns unter contact.ch@citypop.com zu kontaktieren. Unser Team steht Ihnen gerne zur Verf√ºgung.Bitte beachte: Die Bilder stammen aus anderen bereits betriebenen City Pop Apartments. Das Layout bleibt jedoch unver√§ndert, da sich die Apartments derzeit in der Endfertigungsphase befinden._____________________________________________________________ENGCity Pop Zurich Messe - The flexible solution for short and long stays that makes you feel at home.Newly opening! Starting from March 23, we offer centrally located apartments at City Pop Zurich Oerlikon Central, Siewerdtstrasse 73, 8050 Zurich, ranging from 23 to 70 square meters. From 525 CHF/week, you can choose from various Pop types: Pop M, L, Pop 2.5.The attached images are from other City Pop apartments and are to be considered representative. The furnishings are the same, but the layout may vary.These furnished apartments provide an authentic living experience. As construction is still ongoing, we do not yet have original photos.How to book your apartment:Simply download our app: ‚Ä¢ For iOS: Search for City Pop in the App Store. ‚Ä¢ For Android: Search for City Pop in the Google Play Store. Once the app is installed, create an account and navigate to the search section. Follow these steps: ‚Ä¢ Select ""Search and Book Now!"" ‚Ä¢ Choose Zurich as your city. ‚Ä¢ Set your desired check-in and check-out dates. The apartments are fully equipped, including: ‚Ä¢ Kitchen, living room, bedroom, and bathroom. ‚Ä¢ Complete kitchen inventory (plates, glasses, pots, etc.). ‚Ä¢ Sleeping area and bathroom (with towel set). ‚Ä¢ All utilities included. ‚Ä¢ Wi-Fi and Smart TV. Pop apartments can be booked for a minimum period of 4 weeks. Additionally, a wide range of standard and additional services will be available, activated via the City Pop app, including: ‚Ä¢ Cleaning service (weekly, bi-weekly). ‚Ä¢ Parking. The building will also feature fantastic communal spaces, including: ‚Ä¢ Co-living areas. It‚Äôs as simple as booking a hotel room! Reservations are now open! What are you waiting for? Book your stay at City Pop Zurich Oerlikon Central, Siewerdtstrasse 73, 8050 Zurich, now!If you have any questions or need further information, please do not hesitate to contact us at contact.ch@citypop.com. Our team is here to assist you.Please note: The images are from other already operational City Pop apartments. However, the layout remains unchanged, as the apartments are currently in the final finishing phase."
"Leutschenbachstrasse 48, 8050 Z√ºrich",4.5 Zimmer,160m¬≤,CHF 5‚Äô390.‚Äì,Duplex-/Maisonette-Wohnung in Z√ºrich,"Diese moderne Maisonette-Wohnung bietet alles, was du dir von einem neuen Zuhause w√ºnschst: durchdachtes Design, viel Tageslicht und eine erstklassige Lage. Ob du deinen Alltag in einer ruhigen Umgebung geniessen oder den urbanen Lifestyle auskosten m√∂chtest ‚Äì hier findest du die perfekte Balance.Was dich erwartet: ‚Ä¢ Grossz√ºgige Wohnfl√§che: Die offene Raumaufteilung sorgt f√ºr ein angenehmes Wohngef√ºhl und l√§sst sich flexibel einrichten. ‚Ä¢ Private Sonnenterrasse: Geniesse entspannte Stunden im Freien ‚Äì ob morgens bei einem Kaffee oder abends mit Freunden. ‚Ä¢ Tierfreundlich: Kleintiere wie Katzen sind herzlich willkommen ‚Äì hier d√ºrfen auch deine tierischen Begleiter zuhause sein. ‚Ä¢ Freundliche Nachbarschaft: Deine zuk√ºnftigen Nachbarn sind aufgeschlossen und schaffen eine angenehme Atmosph√§re im Haus. ‚Ä¢ Zentrale Lage: Einkaufsm√∂glichkeiten, Restaurants und √∂ffentliche Verkehrsmittel sind in wenigen Minuten erreichbar ‚Äì ein echter Vorteil im Alltag. ‚Ä¢ Inklusive Parkplatz: Im Mietpreis ist ein Parkplatz mit moderner E-Ladestation enthalten ‚Äì ideal f√ºr dein E-Auto oder zuk√ºnftige Mobilit√§tsbed√ºrfnisse. Diese Wohnung ist die perfekte Wahl f√ºr anspruchsvolle Einzelpersonen, Paare oder kleine Familien, die modernes Wohnen mit Komfort und einer zentralen Lage kombinieren m√∂chten.Vereinbare jetzt einen Besichtigungstermin und lass dich von diesem besonderen Zuhause begeistern!"
"Spindelstrasse 15, 8041 Z√ºrich",6.5 Zimmer,190m¬≤,CHF 6‚Äô270.‚Äì,Helle und grossz√ºgige 6.5 Zimmer-Wohnung,"Per Anfang 2025 entstehen im Projekt ¬´SIHLLIFE¬ª¬†moderne 1.5 bis 6.5-Zimmer-Wohnungen im Minergie-Standard zur Verf√ºgung. Gut m√∂blierbare Grundrisse und ein hochwertiger Ausbaustandard runden das Angebot ab. Die Wohnungen k√∂nnen per 01.02.2025 oder nach Vereinbarung gemietet werden.Die 6.5-Zimmer-Wohnungen √ºberzeugen durch¬†folgende Vorz√ºge: ‚Ä¢ Moderne K√ºche mit Induktions-Kochfeld, Backofen, K√ºhlschrank mit Gefrierfach und Geschirrsp√ºler ‚Ä¢ Wohn-/Schlafraum mit Eichenparkett ‚Ä¢ Jede Wohnung verf√ºgt √ºber einen Waschturm (Waschmaschine und Tumbler) ‚Ä¢ grossz√ºgige Terrassen ‚Ä¢ Fussbodenheizung ‚Ä¢ kontrollierte Wohnungsl√ºftung ‚Ä¢ Lift ‚Ä¢ Kellerabteil pro Wohnung im Untergeschoss Das Manegg-Quartier z√§hlt zu den bevorzugten Wohnlagen in Z√ºrich Kreis 2. Als Bewohner werden Sie die gr√ºne, ruhige und zentrale Lage sch√§tzen. Der Bahnhof Manegg liegt in Gehdistanz und bis zum Hauptbahnhof Z√ºrich sind es weniger als 10 Minuten Fahrt. Rund um den Wohnkomplex gibt es Caf√©s, sowie mehrere Einkaufsm√∂glichkeiten.Bei Interesse k√∂nnen Sie sich gerne f√ºr die Besichtigung unserer Musterwohnungen anmelden.Hinweis:¬†Es handelt sich bei den Bildern um Visualisierungen, welche den Ausbaustandard zeigen und vom angebotenen Objekt abweichen k√∂nnen. Den genauen Grundriss k√∂nnen Sie dem Grundrissplan im Anhang entnehmen.¬†Weitere Informationen finden Sie auf unserer Projektwebseite."
"C√§cilienstr. 5, 8032 Z√ºrich",8.5 Zimmer,300m¬≤,CHF 12‚Äô660.‚Äì,Traumhafte Wohngelegenheit,"Sind Sie auf der Suche nach einer wundersch√∂nen Wohnung in der N√§he am Hottingerplatz? Dann nutzen Sie diese Gelegenheit und richten Sie sich in unserer 8.5-Zimmerwohnung per 01.¬†November¬†2024 ein.- Moderne K√ºche mit grossz√ºgiger Kochinsel und hochwertigen Ger√§ten ausgestattet¬†- Wohnzimmer mit Erkerfenster- Badezimmer en Suite- Eigene Waschk√ºche- Helle R√§ume- Wohnung mit eigenem Liftzugang- Aufwendig verarbeitete Parkett-/Plattenb√∂den- Sch√∂ne Stuckdecken- GartensitzplatzDas 1903 erbaute und umfassend sanierte Haus ist hervorragend gelegen, nahe der Stadt, mit diversen Einkaufsm√∂glichkeiten rund um den Hottingerplatz. Die √∂ffentlichen Verkehrsmittel erreichen Sie innert wenigen Minuten bequem zu Fuss.√úberzeugen Sie sich selbst vor Ort von der repr√§sentativen Wohnung. De n¬†Link¬†f√ºr¬†die¬†Anmeldung¬†an¬†dem¬†Besichtigungstermin¬†erhalten Sie¬†via¬†Kontaktformular.¬†BVK - Die Pensionskasse mit attraktivem Wohnraum in der ganzen Schweiz. Tagesaktuell auf www.bvk.ch."
"Sch√§chenstrasse 11, 8048 Z√ºrich",4.5 Zimmer,102m¬≤,CHF 4‚Äô780.‚Äì,Moderne 4 ¬Ω Zi. Garten-Wohnung,N/A
"Forchstrasse 239 / 241, 8032 Z√ºrich",4.5 Zimmer,107m¬≤,CHF 7‚Äô290.‚Äì,Forchstrasse 249/241 - Choose your lifestyle,N/A
"Manessestrasse 69, 8003 Z√ºrich",2 Zimmer,24m¬≤,CHF 2‚Äô440.‚Äì,Neuwertiges 2-Zimmer Studio im Herzen von Z√ºrich!,"Per 02.04.2025 vermieten wir diese neuwertige 2-Zimmer-Wohnung im EG an der Manessestrasse 69 in 8003 Z√ºrich.Gerne stellen wir Ihnen das Studio vor;Zu Ihrer Wohnqualit√§t:&gt; Neue, offene K√ºche mit K√ºhlschrank, Glaskeramik, Geschirrsp√ºler, sowie viel Schrankplatz &gt; Neues Badezimmer mit Dusche, WC, Lavabo, und Spiegelschrank mit Unterbauschrank&gt;Terrasse von 22.4m2Die Liegenschaft befindet sich an idealer Lage: &gt; Einkaufsm√∂glichkeiten (Coop, Sihlcity), √∂ffentlicher Verkehr (Manessestrasse / Bahnhof Wiedikon), sowie Restaurants, Kosmetikstudios, usw. sind in wenigen Minuten zu Fu√ü erreichbarBitte kontaktieren Sie uns f√ºr einen unverbindlichen Besichtigungstermin.Wir freuen uns auf Ihre Kontaktaufnahme."
"Rotbuchstrasse 9, 8006 Z√ºrich",2 Zimmer,15m¬≤,CHF 2‚Äô500.‚Äì,City Pop - Cosy Studio Apartments close to Z√ºrich centre,"Neu er√∂ffnet! Ab dem 20.04.2025 bieten wir zentral gelegene Apartments im Geb√§ude City Pop Zurich Urban an der Rotbuchstrasse 9, 8006 Z√ºrich an, die zwischen 27 und 34 Quadratmeter gro√ü sind. Ab 425 CHF/Woche k√∂nnen Sie aus verschiedenen Pop-Typen w√§hlen: L Deluxe, XL Deluxe, XXL.Die beigef√ºgten Bilder stammen aus anderen City Pop Apartments und sind als repr√§sentativ zu betrachten. Die M√∂blierung ist gleich, das Layout k√∂nnte variieren.Diese m√∂blierten Apartments bieten ein authentisches Wohnerlebnis. Da die Bauarbeiten noch im Gange sind, stehen uns noch keine Originalfotos zur Verf√ºgung.So buchen Sie Ihr Apartment:Laden Sie einfach unsere App herunter: ‚Ä¢ F√ºr iOS: Suchen Sie nach City Pop im App Store. ‚Ä¢ F√ºr Android: Suchen Sie nach City Pop im Google Play Store. Nach der Installation der App erstellen Sie ein Konto und navigieren Sie zum Suchbereich. Folgen Sie diesen Schritten: ‚Ä¢ W√§hlen Sie ""Suchen und Jetzt Buchen!"" ‚Ä¢ W√§hlen Sie Z√ºrich als Ihre Stadt. ‚Ä¢ Setzen Sie Ihre gew√ºnschten Check-in- und Check-out-Daten. Die Apartments sind vollst√§ndig ausgestattet, einschlie√ülich: ‚Ä¢ K√ºche, Wohnzimmer, Schlafzimmer und Bad. ‚Ä¢ Vollst√§ndiges Inventar f√ºr die K√ºche (Teller, Gl√§ser, T√∂pfe usw.). ‚Ä¢ Schlafbereich und Bad (mit Handtuchset). ‚Ä¢ Nebenkosten inklusive. ‚Ä¢ Wi-Fi und Smart TV. Die Pop Apartments k√∂nnen f√ºr einen Mindestzeitraum von 4 Wochen gebucht werden. Zudem wird eine breite Palette von Standard- und Zusatzdiensten verf√ºgbar sein, die √ºber die City Pop App aktiviert werden k√∂nnen, darunter: ‚Ä¢ Reinigungsservice (w√∂chentlich, zweiw√∂chentlich). ‚Ä¢ Waschbereich. Das Geb√§ude wird auch √ºber fantastische Gemeinschaftsr√§ume verf√ºgen, darunter: ‚Ä¢ Co-Living-Bereiche. ‚Ä¢ Co-working Bereiche. Es ist so einfach wie ein Hotelzimmer zu buchen! Die Reservierungen sind jetzt ge√∂ffnet! Worauf warten Sie noch? Buchen Sie jetzt Ihren Aufenthalt im City Pop Zurich Urban, Rotbuchstrasse 9, 8006 Z√ºrich!Wenn Sie Fragen haben oder weitere Informationen ben√∂tigen, z√∂gern Sie bitte nicht, uns unter contact.ch@citypop.com zu kontaktieren. Unser Team steht Ihnen gerne zur Verf√ºgung.Bitte Beachte: Die Bilder stammen aus anderen bereits betriebenen City Pop Apartments. Das Layout bleibt jedoch unver√§ndert, da sich die Apartments derzeit in der Endfertigungsphase befinden.__________________________________________________________________ENGCity Pop Zurich Urban - The flexible solution for short and long stays that makes you feel at home.Newly opened! Starting from April 20, 2025, we offer centrally located apartments at City Pop Zurich Urban, Rotbuchstrasse 9, 8006 Zurich, ranging from 27 to 34 square meters. From 425 CHF/week, you can choose from various Pop types: L Deluxe, XL Deluxe, XXL.The attached images are from other City Pop apartments and are to be considered representative. The furnishings are the same, but the layout may vary.These furnished apartments provide an authentic living experience. As construction is still ongoing, we do not yet have original photos.How to book your apartment:Simply download our app: ‚Ä¢ For iOS: Search for City Pop in the App Store. ‚Ä¢ For Android: Search for City Pop in the Google Play Store. Once the app is installed, create an account and navigate to the search section. Follow these steps: ‚Ä¢ Select ""Search and Book Now!"" ‚Ä¢ Choose Zurich as your city. ‚Ä¢ Set your desired check-in and check-out dates. The apartments are fully equipped, including: ‚Ä¢ Kitchen, living room, bedroom, and bathroom. ‚Ä¢ Complete kitchen inventory (plates, glasses, pots, etc.). ‚Ä¢ Sleeping area and bathroom (with towel set). ‚Ä¢ All utilities included. ‚Ä¢ Wi-Fi and Smart TV. Pop apartments can be booked for a minimum period of 4 weeks. Additionally, a wide range of standard and additional services will be available, activated via the City Pop app, including: ‚Ä¢ Cleaning service (weekly, bi-weekly). ‚Ä¢ Parking. The building will also feature fantastic communal spaces, including: ‚Ä¢ Co-living areas. ‚Ä¢ Co-working areas. It‚Äôs as simple as booking a hotel room! Reservations are now open! What are you waiting for? Book your stay at City Pop Zurich Urban, Rotbuchstrasse 9, 8006 Zurich, now!If you have any questions or need further information, please do not hesitate to contact us at contact.ch@citypop.com. Our team is here to assist you.Please note: The images are from other already operational City Pop apartments. However, the layout remains unchanged, as the apartments are currently in the final finishing phase."
"Milit√§rstrasse 106, 8004 Z√ºrich",2 Zimmer,26m¬≤,CHF 2‚Äô950.‚Äì,City Pop - Cosy Studio Apartments just next to HB Z√ºrich,"Neu er√∂ffnet! Ab dem 20.03.2025 bieten wir zentral gelegene Apartments im Geb√§ude City Pop Zurich City an der Militarstrasse 206, 8004 Z√ºrich an, die zwischen 29 und 46 Quadratmeter gro√ü sind. Ab 500 CHF/Woche k√∂nnen Sie aus verschiedenen Pop-Typen w√§hlen: S, M, L, 2.5.Die beigef√ºgten Bilder stammen aus anderen City Pop Apartments und sind als repr√§sentativ zu betrachten. Die M√∂blierung ist gleich, das Layout k√∂nnte variieren.Diese m√∂blierten Apartments bieten ein authentisches Wohnerlebnis. Da die Bauarbeiten noch im Gange sind, stehen uns noch keine Originalfotos zur Verf√ºgung.So buchen Sie Ihr Apartment:Laden Sie einfach unsere App herunter: ‚Ä¢ F√ºr iOS: Suchen Sie nach City Pop im App Store. ‚Ä¢ F√ºr Android: Suchen Sie nach City Pop im Google Play Store. Nach der Installation der App erstellen Sie ein Konto und navigieren Sie zum Suchbereich. Folgen Sie diesen Schritten: ‚Ä¢ W√§hlen Sie ""Suchen und Jetzt Buchen!"" ‚Ä¢ W√§hlen Sie Z√ºrich als Ihre Stadt. ‚Ä¢ Setzen Sie Ihre gew√ºnschten Check-in- und Check-out-Daten. Die Apartments sind vollst√§ndig ausgestattet, einschlie√ülich: ‚Ä¢ K√ºche, Wohnzimmer, Schlafzimmer und Bad. ‚Ä¢ Vollst√§ndiges Inventar f√ºr die K√ºche (Teller, Gl√§ser, T√∂pfe usw.). ‚Ä¢ Schlafbereich und Bad (mit Handtuchset). ‚Ä¢ Nebenkosten inklusive. ‚Ä¢ Wi-Fi und Smart TV. Die Pop Apartments k√∂nnen f√ºr einen Mindestzeitraum von 4 Wochen gebucht werden. Zudem wird eine breite Palette von Standard- und Zusatzdiensten verf√ºgbar sein, die √ºber die City Pop App aktiviert werden k√∂nnen, darunter: ‚Ä¢ Reinigungsservice (w√∂chentlich, zweiw√∂chentlich). ‚Ä¢ Parkplatz. Das Geb√§ude wird auch √ºber fantastische Gemeinschaftsr√§ume verf√ºgen, darunter: ‚Ä¢ Gym Es ist so einfach wie ein Hotelzimmer zu buchen! Die Reservierungen sind jetzt ge√∂ffnet! Worauf warten Sie noch? Buchen Sie jetzt Ihren Aufenthalt im City Pop Zurich City, Militarstrasse 206, 8004 Z√ºrich!Wenn Sie Fragen haben oder weitere Informationen ben√∂tigen, z√∂gern Sie bitte nicht, uns unter contact.ch@citypop.com zu kontaktieren. Unser Team steht Ihnen gerne zur Verf√ºgung.Bitte beachte: Die Bilder stammen aus anderen bereits betriebenen City Pop Apartments. Das Layout bleibt jedoch unver√§ndert, da sich die Apartments derzeit in der Endfertigungsphase befinden._________________________________________________________________ENGCity Pop Zurich City - The flexible solution for short and long stays that makes you feel at home.Newly opened! Starting from March 20, 2025, we offer centrally located apartments at City Pop Zurich City, Militarstrasse 206, 8004 Zurich, ranging from 29 to 46 square meters. From 500 CHF/week, you can choose from various Pop types: S, M, L, 2.5.The attached images are from other City Pop apartments and are to be considered representative. The furnishings are the same, but the layout may vary.These furnished apartments provide an authentic living experience. As construction is still ongoing, we do not yet have original photos.How to book your apartment:Simply download our app: ‚Ä¢ For iOS: Search for City Pop in the App Store. ‚Ä¢ For Android: Search for City Pop in the Google Play Store. Once the app is installed, create an account and navigate to the search section. Follow these steps: ‚Ä¢ Select ""Search and Book Now!"" ‚Ä¢ Choose Zurich as your city. ‚Ä¢ Set your desired check-in and check-out dates. The apartments are fully equipped, including: ‚Ä¢ Kitchen, living room, bedroom, and bathroom. ‚Ä¢ Complete kitchen inventory (plates, glasses, pots, etc.). ‚Ä¢ Sleeping area and bathroom (with towel set). ‚Ä¢ All utilities included. ‚Ä¢ Wi-Fi and Smart TV. Pop apartments can be booked for a minimum period of 4 weeks. Additionally, a wide range of standard and additional services will be available, activated via the City Pop app, including: ‚Ä¢ Cleaning service (weekly, bi-weekly). ‚Ä¢ Parking. The building will also feature fantastic communal spaces, including: ‚Ä¢ Gym It‚Äôs as simple as booking a hotel room! Reservations are now open! What are you waiting for? Book your stay at City Pop Zurich City, Militarstrasse 206, 8004 Zurich, now!If you have any questions or need further information, please do not hesitate to contact us at contact.ch@citypop.com. Our team is here to assist you.Please note: The images are from other already operational City Pop apartments. However, the layout remains unchanged, as the apartments are currently in the final finishing phase."
"Freiestr. 12, 8032 Z√ºrich",3.5 Zimmer,68m¬≤,CHF 3‚Äô960.‚Äì,Neusanierte 3.5-Zimmer-Wohnung an der Freiestrasse 12,"Per 1. April 2025 vermieten wir diese moderne 3.5-Zimmerwohnung an der Freiestrasse 12 in 8032 Z√ºrich.Auf folgende Annehmlichkeiten d√ºrfen Sie sich freuen:- Nachhaltige Neusanierung- Moderne K√ºche mit Glaskeramikkochfeld, Kombi-Steamer¬†und Geschirrsp√ºler- Zimmer mit Eichenparkett, Verlegeart Fischgrat- Helles Badezimmer mit Waschturm - Geschlossene Garderobe im Korridor - Rollladen mit Elektroantrieb und Ausstellfunktion- Fussbodenheizung mittels Fernw√§rme- eSmart System- Personenaufzug- KellerDie Bilder k√∂nnen abweichen (Spiegelverkehrt, Stockwerk).BVK - Die Pensionskasse mit attraktivem Wohnraum in der ganzen Schweiz. Tagesaktuell auf www.bvk.ch"
"Forchstrasse 150, 8032 Z√ºrich",3.5 Zimmer,72m¬≤,CHF 3‚Äô550.‚Äì,3.5 Zimmerwohnung in Z√ºrich,"An Top Lage in Z√ºrich vermieten wir per 01.04.2025 diese sch√∂ne 3.5-Zimmer-Loft-Wohnung! Sie bietet Ihnen folgende Highlights: ‚Ä¢ Plattenboden mit Bodenheizung ‚Ä¢ offene K√ºche mit modernen K√ºchenger√§ten ‚Ä¢ Backofen, K√ºhlschrank sowie Geschirrsp√ºler ‚Ä¢ grosse, helle Fenster ‚Ä¢ Decke im Beton-Stil ‚Ä¢ grosses Badezimmer mit Dusche ‚Ä¢ Waschmaschine und Trockner im Keller ‚Ä¢ Komfortl√ºftung Haben wir Ihr Interesse geweckt? Wir freuen uns auf Ihre Kontaktaufnahme.IT3 Immobilien AG"
"Forchstrasse 239 / 241, 8032 Z√ºrich",2.5 Zimmer,44m¬≤,CHF 3‚Äô290.‚Äì,Forchstrasse 244/242 - Choose your lifestyle,N/A
"Forchstrasse 239 / 241, 8032 Z√ºrich",3.5 Zimmer,70m¬≤,CHF 4‚Äô240.‚Äì,Forchstrasse 339/341 - Choose your lifestyle,N/A
"Kornamtsweg 1, 8046 Z√ºrich",5.5 Zimmer,190m¬≤,CHF 3‚Äô670.‚Äì,N/A,N/A
"Kornamtsweg 3, 8046 Z√ºrich",6.5 Zimmer,200m¬≤,CHF 3‚Äô790.‚Äì,N/A,N/A
"Birmensdorferstrasse 315, 8055 Z√ºrich",4.5 Zimmer,92m¬≤,CHF 5‚Äô450.‚Äì,Die letzten verf√ºgbaren Wohnungen in The Corner - Unique living in Z√ºrich,"Erstvermietung von 69 Neubau-Stadtwohnungen An der Adresse Birmensdorferstrasse 313-317 / Ziegeleiweg 10-14 in 8055 Z√ºrich entstehen 69 charmante Stadtwohnungen, welche gestaffelt ab Mitte M√§rz bis Mai 2025 bezugsbereit sein werden. Die ausgeschriebene Wohnung 1.104 bietet Ihnen folgende Vorteile: ‚Ä¢ Helle R√§ume ‚Ä¢ Freundlicher Eichen Parkettboden ‚Ä¢ Zimmer 1 mit Bad en Suite und Ankleidenische ‚Ä¢ G√§ste WC mit Walk-In Dusche ‚Ä¢ Waschmaschine und Tumbler in der Wohnung ‚Ä¢ K√ºche mit Geschirrsp√ºler, K√ºhlschrank mit Gefrierschubladen, Induktions-Kochfeld, Backofen und Steamer ‚Ä¢ Elektrische Verbundraffstoren ‚Ä¢ Sitzplatz mit Direktzugang in den Innenhof Klicken Sie sich durch die Projekthomepage, auf welcher Sie die Mietzinse, Grundrisspl√§ne und weitere Informationen vorfinden: the-corner-zurich.ch Sie k√∂nnen sich direkt online f√ºr die letzten 2.5 bis 4.5-Zimmerwohnungen digital √ºber die Projektwebseite bewerben. Haben Sie Fragen? Z√∂gern Sie nicht, uns zu kontaktieren. Wir nehmen uns gerne Zeit f√ºr Sie: thecorner@privera.ch Bitte beachten Sie, dass es sich bei den Visualisierungen und Wohnungstouren um Musterbilder aus anderen Wohnungen im The Corner handelt. Lediglich die Fotos 1.104 entsprechen der ausgeschriebenen Wohnung."
"Birmensdorferstrasse 313, 8055 Z√ºrich",4.5 Zimmer,88m¬≤,CHF 5‚Äô310.‚Äì,Die letzten verf√ºgbaren Wohnungen in The Corner - Unique living in Z√ºrich,"Erstvermietung von 69 Neubau-Stadtwohnungen An der Adresse Birmensdorferstrasse 313-317 / Ziegeleiweg 10-14 in 8055 Z√ºrich entstehen 69 charmante Stadtwohnungen, welche gestaffelt ab Mitte M√§rz bis Mai 2025 bezugsbereit sein werden. Die ausgeschriebene Wohnung 1.109 bietet Ihnen folgende Vorteile: ‚Ä¢ Helle R√§ume ‚Ä¢ Freundlicher Eichen Parkettboden ‚Ä¢ Zimmer 1 mit Bad en Suite und Ankleidenische ‚Ä¢ G√§ste WC mit Walk-In Dusche ‚Ä¢ Waschmaschine und Tumbler in der Wohnung ‚Ä¢ K√ºche mit Geschirrsp√ºler, K√ºhlschrank mit Gefrierschubladen, Induktions-Kochfeld, Backofen und Steamer ‚Ä¢ Elektrische Verbundraffstoren ‚Ä¢ Sitzplatz mit Direktzugang in den Innenhof Klicken Sie sich durch die Projekthomepage, auf welcher Sie die Mietzinse, Grundrisspl√§ne und weitere Informationen vorfinden: the-corner-zurich.ch Sie k√∂nnen sich ab sofort f√ºr die letzten 2.5 bis 4.5-Zimmerwohnungen digital √ºber die Projektwebseite bewerben. Haben Sie Fragen? Z√∂gern Sie nicht, uns zu kontaktieren. Wir nehmen uns gerne Zeit f√ºr Sie: thecorner@privera.ch Bitte beachten Sie, dass es sich bei den Visualisierungen und Wohnungstouren um verschiedene Wohnungen in The Corner handelt. Lediglich die Fotos 1.109 entsprechen der ausgeschriebenen Wohnung."
"Birmensdorferstrasse 315, 8055 Z√ºrich",3.5 Zimmer,68m¬≤,CHF 4‚Äô210.‚Äì,Die letzten verf√ºgbaren Wohnungen in The Corner - Unique living in Z√ºrich,"Erstvermietung von 69 Neubau-Stadtwohnungen An der Adresse Birmensdorferstrasse 313-317 / Ziegeleiweg 10-14 in 8055 Z√ºrich entstehen 69 charmante Stadtwohnungen, welche gestaffelt ab Mitte M√§rz bis Mai 2025 bezugsbereit sein werden. Die ausgeschriebene Wohnung 1.105 bietet Ihnen folgende Vorteile: ‚Ä¢ Helle R√§ume ‚Ä¢ Freundlicher Eichen Parkettboden ‚Ä¢ Grosses Reduit mit Waschmaschine und Tumbler ‚Ä¢ K√ºche mit Geschirrsp√ºler, K√ºhlschrank mit Gefrierschubladen, Induktions-Kochfeld, Backofen ‚Ä¢ Elektrische Verbundraffstoren ‚Ä¢ Sitzplatz mit Direktzugang in den Innenhof Klicken Sie sich durch die Projekthomepage, auf welcher Sie die Mietzinse, Grundrisspl√§ne und weitere Informationen vorfinden: the-corner-zurich.ch Sie k√∂nnen sich ab sofort f√ºr die letzten 3.5 bis 3.5-Zimmerwohnungen digital √ºber die Projektwebseite bewerben. Haben Sie Fragen? Z√∂gern Sie nicht, uns zu kontaktieren. Wir nehmen uns gerne Zeit f√ºr Sie: thecorner@privera.ch Bitte beachten Sie, dass es sich bei den Visualisierungen und der Wohnungstour um die Musterwohnung 2.303 handelt. Lediglich die Fotos 1.105 entsprechen der ausgeschriebenen Wohnung."
"Sch√∂ntalstrasse 20, 8004 Z√ºrich",3.5 Zimmer,82m¬≤,CHF 4‚Äô900.‚Äì,Zentrale Wohnung mit privater Dachterrasse,"An der Sch√∂ntalstrasse 20 vermieten wir eine moderne 3.5 Zimmerwohnung. Die Wohnung bietet Ihnen folgende Annehmlichkeiten:- Wohn- und Schlafraum mit Eichenparkett- Moderne K√ºche mit Glaskeramikkochfeld, Backofen, Geschirrsp√ºler und K√ºhlschrank mit Tiefk√ºhler- Bad/WC und zus√§tzliches WC mit Feinsteinzeugplatten- Heizverteilung via Bodenheizung- Kontrollierte Wohnungsl√ºftung- Dachterrasse - Kellerabteil pro Wohnung im Untergeschoss- Lift Die Musterfotos zeigen lediglich den Ausbaustandard der Wohnung. Die genaue Raumaufteilung entnehmen Sie bitte dem Grundrissplan.Parkpl√§tze bei der Liegenschaft sind keine Verf√ºgbar.Der Kreis 4 in Z√ºrich √ºberzeugt durch seine unz√§hligen Freizeitbesch√§ftigungen, Erhohlungsm√∂glichkeiten sowie diversen Restaurants.Die n√§chste √ñV-Haltestelle ""Z√ºrich Wiedikon"" befindet sich 300 Meter von der Haust√ºre entfernt und bringt Sie mit den Tramlinien 3 und 4 in k√ºrzester Zeit zum Hauptbahnhof Z√ºrich.Haben wir Ihr Interesse geweckt?Dann kontaktieren Sie uns direkt im Onlineinserat √ºber ""Anbieter kontaktieren"". Sie erhalten anschliessend eine automatisierte E-Mail mit den Besichtigungsinformationen sowie der M√∂glichkeit, sich digital auf die Wohnung zu bewerben und/oder uns allf√§llige Fragen zu stellen."
"Alfred Escher-Str. 34, 8002 Z√ºrich",4 Zimmer,91m¬≤,CHF 3‚Äô310.‚Äì,Befristet - 15.08.2025,"An Top-Wohnlage, nahe dem Z√ºrichsee vermieten wir in einer gepflegten Liegenschaft befristet bis zum 15.08.2025 diese tolle 4-Zimmerwohnung. Dieses Objekt bietet Ihnen nebst der zentralen Wohnlage den folgenden Ausbaustandard:- praktischer Wandschrank im Korridor- Wohn- und Schlafzimmer mit Parkettboden- Wohnzimmer mit Zugang zum gr√∂sseren Balkon- K√ºche und Korridor mit PVC-Bodenbelag- abschliessbare K√ºche mit Plattenherd - mit Backofen und grossem K√ºhlschrank- mit Zugang zum kleinen Balkon- Badezimmer mit Badewanne und Lavabo- separates WC mit Lavabo- Keller- und EstrichabteilDie Musterfotos zeigen den Ausbaustandard der Wohnung und k√∂nnen vom tats√§chlichen Grundriss abweichen. Zurzeit stehen in dieser Liegenschaft leider keine Parkpl√§tze zur Verf√ºgung. Die Wohnung befindet sich an zentraler Lage mitten in der Stadt Z√ºrich. An den Bahnhof sowie an die Bus- und Tramhaltestelle ""Enge"" mit diversen Linien in verschiedene Richtungen gelangen Sie bequem zu Fuss. Die Umliegenden Stadtkreise sowie den Z√ºrcher Hauptbahnhof erreichen Sie so innert K√ºrze! Optimale Einkaufsm√∂glichkeiten (wie z.B. Migros, Coop, Apotheke) sowie zahlreiche Dienstleister befinden sich ebenfalls in unmittelbarer N√§he. Den sch√∂nen Z√ºrichsee, welcher zum Baden, Spazieren und Verweilen einl√§dt befindet sich praktisch vor Ihrer Haust√ºre. Hier k√∂nnen Sie den stressigen Alltag hinter sich lassen!Haben wir Ihr Interesse geweckt?Dann kontaktieren Sie uns direkt im Onlineinserat √ºber ""Anbieter kontaktieren"". Sie erhalten anschliessend eine automatisierte E-Mail mit den Besichtigungsinformationen sowie der M√∂glichkeit, sich digital auf die Wohnung zu bewerben und/oder uns allf√§llige Fragen zu stellen."
"Ziegeleiweg 12, 8055 Z√ºrich",4.5 Zimmer,98m¬≤,CHF 6‚Äô080.‚Äì,Die letzten drei Wohnungen aus der 1. Bauetappe The Corner - 1 Monat gratis wohnen!,"Erstvermietung von 69 Neubau-Stadtwohnungen An der Adresse Birmensdorferstrasse 313-317 / Ziegeleiweg 10-14 in 8055 Z√ºrich entstehen 69 charmante Stadtwohnungen, welche gestaffelt ab Mitte M√§rz bis Mai 2025 bezugsbereit sein werden. In der ersten Bauetappe per 15.3.205 stehen nur noch drei Wohnungen zur Verf√ºgung. Wir schenken Ihnen eine Monatsmiete, wenn Sie bis sp√§testens per 1. April 2025 den Mietvertrag abschliessen. Die ausgeschriebene Wohnung 2.404 bietet Ihnen folgende Vorteile: ‚Ä¢ Helle R√§ume ‚Ä¢ Freundlicher Eichen Parkettboden ‚Ä¢ Zwei Zimmer mit direktem Terrassenzugang ‚Ä¢ Ein Zimmer mit Dusche/WC en Suite ‚Ä¢ Bad/WC ‚Ä¢ Reduit mit Waschmaschine und Tumbler ‚Ä¢ K√ºche mit Geschirrsp√ºler, K√ºhlschrank mit Gefrierschubladen, Induktions-Kochfeld, Backofen und Steamer ‚Ä¢ Elektrische Verbundraffstoren ‚Ä¢ Drei grossz√ºgige Terrassen Klicken Sie sich durch die Projekthomepage, auf welcher Sie die Mietzinse, Grundrisspl√§ne und weitere Informationen vorfinden: the-corner-zurich.ch Sie k√∂nnen sich direkt online f√ºr die letzten 2.5 bis 4.5-Zimmerwohnungen digital √ºber die Projektwebseite bewerben. Haben Sie Fragen? Z√∂gern Sie nicht, uns zu kontaktieren. Wir nehmen uns gerne Zeit f√ºr Sie: thecorner@privera.ch Bitte beachten Sie, dass es sich bei den Visualisierungen und Wohnungstouren um Musterbilder aus anderen Wohnungen im The Corner handelt."
"Ziegeleiweg 14, 8055 Z√ºrich",4.5 Zimmer,100m¬≤,CHF 6‚Äô130.‚Äì,Die letzten drei Wohnungen aus der 1. Bauetappe The Corner - 1 Monat gratis wohnen!,"Erstvermietung von 69 Neubau-Stadtwohnungen An der Adresse Birmensdorferstrasse 313-317 / Ziegeleiweg 10-14 in 8055 Z√ºrich entstehen 69 charmante Stadtwohnungen, welche gestaffelt ab Mitte M√§rz bis Mai 2025 bezugsbereit sein werden. In der ersten Bauetappe per 15.3.205 stehen nur noch drei Wohnungen zur Verf√ºgung. Wir schenken Ihnen eine Monatsmiete, wenn Sie bis sp√§testens per 1. April 2025 den Mietvertrag abschliessen. Die ausgeschriebene Wohnung 2.403 bietet Ihnen folgende Vorteile: ‚Ä¢ Helle R√§ume ‚Ä¢ Freundlicher Eichen Parkettboden ‚Ä¢ Zwei Zimmer mit direktem Terrassenzugang ‚Ä¢ Bad/WC ‚Ä¢ Dusche/WC mit Walk-In Dusche ‚Ä¢ Reduit mit Waschmaschine und Tumbler ‚Ä¢ K√ºche mit Geschirrsp√ºler, K√ºhlschrank mit Gefrierschubladen, Induktions-Kochfeld, Backofen und Steamer ‚Ä¢ Elektrische Verbundraffstoren ‚Ä¢ Zwei grossz√ºgige Terrassen Klicken Sie sich durch die Projekthomepage, auf welcher Sie die Mietzinse, Grundrisspl√§ne und weitere Informationen vorfinden: the-corner-zurich.ch Sie k√∂nnen sich direkt online f√ºr die letzten 2.5 bis 4.5-Zimmerwohnungen digital √ºber die Projektwebseite bewerben. Haben Sie Fragen? Z√∂gern Sie nicht, uns zu kontaktieren. Wir nehmen uns gerne Zeit f√ºr Sie: thecorner@privera.ch Bitte beachten Sie, dass es sich bei den Visualisierungen und Wohnungstouren um Musterbilder aus anderen Wohnungen im The Corner handelt."
"Ziegeleiweg 14, 8055 Z√ºrich",4.5 Zimmer,97m¬≤,CHF 5‚Äô160.‚Äì,Die letzten drei Wohnungen aus der 1. Bauetappe The Corner - 1 Monat gratis wohnen!,"Erstvermietung von 69 Neubau-Stadtwohnungen An der Adresse Birmensdorferstrasse 313-317 / Ziegeleiweg 10-14 in 8055 Z√ºrich entstehen 69 charmante Stadtwohnungen, welche gestaffelt ab Mitte M√§rz bis Mai 2025 bezugsbereit sein werden. In der ersten Bauetappe per 15.3.205 stehen nur noch drei Wohnungen zur Verf√ºgung. Wir schenken Ihnen eine Monatsmiete, wenn Sie bis sp√§testens per 1. April 2025 den Mietvertrag abschliessen. Die ausgeschriebene Wohnung 2.101 bietet Ihnen folgende Vorteile: ‚Ä¢ Helle R√§ume ‚Ä¢ Freundlicher Eichen Parkettboden ‚Ä¢ Zimmer 2 mit Dusche/WC en Suite und Sitzplatz ‚Ä¢ Bad/WC ‚Ä¢ Reduit mit Waschmaschine und Tumbler ‚Ä¢ K√ºche mit Geschirrsp√ºler, K√ºhlschrank mit Gefrierschubladen, Induktions-Kochfeld, Backofen und Steamer ‚Ä¢ Elektrische Verbundraffstoren ‚Ä¢ Zwei Sitzpl√§tze mit Direktzugang in den Innenhof Klicken Sie sich durch die Projekthomepage, auf welcher Sie die Mietzinse, Grundrisspl√§ne und weitere Informationen vorfinden: the-corner-zurich.ch Sie k√∂nnen sich direkt online f√ºr die letzten 2.5 bis 4.5-Zimmerwohnungen digital √ºber die Projektwebseite bewerben. Haben Sie Fragen? Z√∂gern Sie nicht, uns zu kontaktieren. Wir nehmen uns gerne Zeit f√ºr Sie: thecorner@privera.ch Bitte beachten Sie, dass es sich bei den Visualisierungen und Wohnungstouren um Musterbilder aus anderen Wohnungen im The Corner handelt."
"Seestrasse 314, 8038 Z√ºrich",5 Zimmer,100m¬≤,CHF 4‚Äô100.‚Äì,Sch√∂ne Wohnung in Seen√§he,"Wir vermieten diese moderne 5-Zimmerwohnung an zentraler Lage in Z√ºrich Wollishofen. Das Wohnobjekt bietet Ihnen nebst der idealen Raumaufteilung die folgenden Annehmlichkeiten: - Parkettboden in allen Zimmern- moderne K√ºche mit Combi-Steamer- mit Glaskeramikherd und Geschirrsp√ºler- Bad mit Badewanne, Lavabo und WC- separates Bad mit Dusche, Lavabo und WC- gem√ºtlicher Balkon- eigener Waschturm im Keller- KellerabteilBei den Fotos handelt es sich um Musterbilder, die den Ausbaustandard darstellen und vom tats√§chlichen Grundriss abweichen k√∂nnen.Zurzeit sind keine Parkpl√§tze verf√ºgbar.Der Bahnhof Wollishofen mit den S-Bahnlinien S8, S25 und SN8 in diverse Richtungen erreichen Sie bequem zu Fuss. Diverse Einkaufsm√∂glichkeiten (wie z.B. Coop, Supermarkt, Post, etc.) befinden sich ebenfalls unweit von der Liegenschaft entfernt.Der sch√∂ne Z√ºrichsee, welcher besonders in den Sommermonaten zum Baden, Spazieren und Verweilen einl√§dt ist in wenigen Gehminuten erreichbar.Entspricht diese sch√∂ne Wohnung Ihren Vorstellungen?Dann kontaktieren Sie uns direkt im Onlineinserat √ºber ""Anbieter kontaktieren"". Sie erhalten anschliessend eine automatisierte E-Mail mit den Besichtigungsinformationen sowie der M√∂glichkeit, sich digital auf die Wohnung zu bewerben und/oder uns allf√§llige Fragen zu stellen.Wir freuen uns auf Ihre digitale Bewerbung nach der Besichtigung."
"Hohlstr. 511, 8048 Z√ºrich",2.5 Zimmer,93m¬≤,CHF 3‚Äô560.‚Äì,helle 2.5-Zimmerwohnung an zentraler Lage,"In unserer √úberbauung takt9 vermieten wir per 1. April 2025 eine helle und moderne 2.5-Zimmerwohnung (ca. 93 m2) im 5. OG, bzw. 6. OG (Eingang) mit herrlicher Weitsicht.Die Wohnung verf√ºgt √ºber:- offene K√ºche mit Natursteinabdeckung, Glaskeramikherd, Geschirrsp√ºler, Anschluss f√ºr Mikrowelle, Deckenspots und Plattenboden- Wohnen / Essen / Schlafen mit Plattenboden- Bad / WC mit eigenem Waschturm (Waschmaschine / Tumbler), Deckenspots und Plattenboden- sep. Reduit sorgt f√ºr Stauraum- Garderobe / Einbauschrank im Eingangsbereich- alle R√§ume mit separat regulierbarer Bodenheizung- gem√ºtliche Loggia (ca. 6.2 m2)- Lift√ñffentliche Verkehrsmittel sind in unmittelbarer N√§he.Bitte beachten Sie, dass die Hundehaltung nicht erlaubt ist.Haben wir Ihr Interesse geweckt?F√ºr die Vereinbarung eines Besichtigungstermins, melden Sie sich bitte beim Hauswart, Herr Fuchs, Tel. 043 321 79 68.Erreichbar: Montag bis Freitag, 08.00 - 12.00 und 13.00 - 17.00 Uhr"
"Pfingstweidstrasse 104, 8005 Z√ºrich",4.5 Zimmer,180m¬≤,CHF 5‚Äô900.‚Äì,Grossz√ºgige 4.5 Zimmer-Maisonettewohnung,"Die Wohnung √ºberzeugt mit folgender Ausstattung:- eingebaute Garderobe beim Wohnungseingang- moderne offene K√ºche mit Geschirrsp√ºler, Glaskeramikherd und Steamer- zwei Nasszellen mit Dusche und Badewanne- alle Zimmer mit Parkettboden- beide Badezimmer mit Plattenboden- eigener Waschturm in der Wohnung- eigener Kellerraum in der Wohnung- Balkon gegen Innenhof ausgerichtetDirekt vor der Haust√ºre befindet sich die Tramhaltestelle Toni Areal. Der Bahnhof Hardbr√ºcke befindet sich zu Fuss knapp 12 Minuten entfernt. Dieser kann auch bequem mit dem Tram erreicht werden. Den Autobahnanschluss erreichen Sie in wenigen Fahrminuten.Bei Bedarf kann ein Einstellplatz f√ºr einen monatlichen Mietzins √ºber CHF 250.00 exkl. MWST dazu gemietet werden.Haben wir Ihre Interesse geweckt? Wir freuen uns auf Ihre Kontaktaufnahme!F√ºr die Vereinbarung eines Besichtigungstermins, melden Sie sich bitte bei Frau Rafaela Caseiro unter Tel. 044 878 77 75 oder rafaela.caseiro@apleona.com, tags√ºber zwischen 09:00 und 16:00 Uhr."
"Heinrich-Wolff-Strasse 10, 8046 Z√ºrich",6.5 Zimmer,210m¬≤,CHF 5‚Äô950.‚Äì,Familienfreundliches Wohnen in urbaner Oase an sehr ruhiger Wohnlage!,N/A
"Pfingstweidstrasse 104, 8005 Z√ºrich",3.5 Zimmer,102m¬≤,CHF 4‚Äô560.‚Äì,Attraktive 3.5 Attikawohnung,"Die Wohnung √ºberzeugt mit folgender Ausstattung:-Terrasse mit Sonne von fr√ºh bis sp√§t- Moderne offene K√ºche mit Geschirrsp√ºler, Glaskeramikherd und Steamer- Eigener Waschturm in der Wohnung- Badezimmer mit Badewanne- Separater Reduit mit Dreifachsteckdose- Alle Zimmer mit Parkettboden- Badezimmer mit PlattenbodenDirekt vor der Haust√ºre befindet sich die Tramhaltestelle Toni Areal. Der Bahnhof Hardbr√ºcke befindet sich zu Fuss knapp 13 Minuten entfernt. Dieser kann auch bequem mit dem Tram erreicht werden. Es sind gen√ºgend Abstellr√§ume f√ºr Fahrr√§der vorhanden. Den Autobahnanschluss erreichen Sie in wenigen Fahrminuten.Bei Bedarf kann ein Einstellplatz f√ºr einen monatlichen Mietzins von CHF 350.00 dazu gemietet werden.Haben wir Ihre Interesse geweckt? Wir freuen uns auf Ihre Kontaktaufnahme!F√ºr die Vereinbarung eines Besichtigungstermins, melden Sie sich bitte bei Frau Rafaela Caseiro unter Tel. 044 878 77 75 oder rafaela.caseiro@apleona.com, tags√ºber zwischen 09:00 und 16:00 Uhr."
"Agnesstrasse 47, 8004 Z√ºrich",4 Zimmer,71m¬≤,CHF 4‚Äô070.‚Äì,Erstbezug nach Totalsanierung - zentrale und ruhige Lage,N/A
"Baslerstrasse 77, 8048 Z√ºrich",5 Zimmer,130m¬≤,CHF 6‚Äô090.‚Äì,Urbanes Wohnen in einem inspirierenden Umfeld,"Begeistern mit individuellen Grundrissen, moderner und offener Raumaufteilung. Mit hochwertigem Ausbaustandard und Smart Place Technologie lassen sich hier selbst anspruchsvollste Wohnanspr√ºche erf√ºllen. Urbanes Leben, hervorragende Infrastruktur und hohen Wohnkomfort zu einem einzigartigen Wohnerlebnis zu kombinieren, gelingt kaum irgendwo besser und stilvoller als im Basilisk. Nach Vereinbarung vermieten wir diese moderne Wohnung in urbaner Umgebung, welche Ihnen die folgenden Annehmlichkeiten bietet:-Wohnzimmer und Korridor mit Natursteinboden (Jurakalk, gelb)-Zimmer mit Industrieparkettboden Eiche hochkant-Badezimmer mit Feinsteinzeug Plattenboden-Reduit mit Waschturm -K√ºche mit wundersch√∂ner Aussicht und Induktionskochfeld-Loggia mit Holzrost-Smart Place Touchpanel f√ºr Steuerung Licht, Sonnenschutz, etc.Bei den Fotos handelt es sich um Musterbilder, die den Ausbaustandard zeigen. Die genaue Raumaufteilung k√∂nnen Sie dem Grundriss entnehmen.Bei Bedarf und Verf√ºgbarkeit kann ein Einstellplatz f√ºr CHF 200.- pro Monat oder ein Motorradplatz f√ºr CHF 70.- pro Monat dazu gemietet werden.Gute und vielf√§ltige Einkaufsm√∂glichkeiten liegen in Gehdistanz: Einkaufen am Wochenmarkt, in kleinen Delikatessen L√§den, bei den grossen Detailh√§ndlern oder im Einkaufszentrum Letzipark ‚Äì hier shoppt man nach Lust und Laune. Gem√ºtliches Bummeln geht hier bereits direkt vor der eigenen Haust√ºre. In den Restaurants und Caf√©s kann man es sich gutgehen lassen. Ein Hallenbad sowie Sport und Fitnessm√∂glichkeiten befinden sich in n√§chster N√§he.Wen es in der Freizeit raus in die Natur zieht, der kann sich im Wald und am Wasser vielseitig austoben.Der Uetliberg und die Limmat sind als Naherholungsgebiete schnell erreichbar.Die gute Anbindung an den √∂ffentlichen Verkehr und der nahe Autobahnanschluss.Haben wir Ihr Interesse geweckt?Dann kontaktieren Sie uns direkt im Onlineinserat √ºber ""Anbieter kontaktieren"". Sie erhalten anschliessend eine automatisierte E-Mail mit den Besichtigungsinformationen sowie der M√∂glichkeit, sich digital auf die Wohnung zu bewerben und/oder uns allf√§llige Fragen zu stellen.Wir freuen uns auf Ihre digitale Bewerbung nach der Besichtigung."
"Ziegelstrasse 12, 8038 Z√ºrich",4 Zimmer,65m¬≤,CHF 2‚Äô590.‚Äì,BEFRISTET bis Ende September 2025!,"Wir vermieten per sofort oder nach Vereinbarung befristet bis 40.09.2025 diese sch√∂ne 4-Zimmerwohnung an zentraler und ruhiger Lage. Dieses tolle Objekt hat Ihnen nebst einer idealen Raumaufteilung die folgenden Annehmlichkeiten zu bieten:- Eingangsbereich mit Einbauschr√§nke- Korridor und Essberreich mit Klinkerboden- Wohnzimmer mit Parkettboden und Zugang zum Balkon- abgeschlossene K√ºche mit Geschirrsp√ºler- mit Glaskeramikherd, K√ºhlschrank und Backofen- Badezimmer mit Fenster- sch√∂ner, sonniger Balkon- Kellerabteil- Veloraum- Allgemeine Waschk√ºcheEine Garagenbox kann optional f√ºr CHF 180.00 dazu gemietet werden.WICHTIG: Die Wohnung wird lediglich befristet bis Ende September 2025 vermietet!Bei den Bildern handelt es sich um Musterfotos, die lediglich den Ausbaustandard darstellen. Die genaue Raumaufteilung entnehmen Sie bitte dem Grundrissplan. In unmittelbarer N√§he befindet sich die Tramhaltestelle ""Butzenstrasse"", die von der Tramlinie Nr. 7 bedient wird. In weniger als 20 Minuten erreichen Sie den Z√ºrich Hauptbahnhof. Zahlreiche Einkaufsm√∂glichkeiten wie zum Beispiel ein Coop/ Migros sowie diverse Dienstleister und Restaurants, welche den t√§glichen Bedarf decken, finden Sie in wenigen Gehminuten im Zentrum von Wollishofen. Zudem befindet sich das Schulhaus ""Wollishofen - Im Lee"". F√ºr Familien mit schulpflichtigen Kindern ebenfalls in der N√§he.Den sch√∂nen Z√ºrichsee der zu diversen Freizeitaktivit√§ten einl√§dt erreichen Sie nach einem kurzen Spaziergang. Hier finden Sie die gesuchte Erholung und das pulsierende Stadtleben sehr nah beieinander.Haben wir Ihr Interesse geweckt?Dann kontaktieren Sie uns direkt im Onlineinserat √ºber ""Anbieter kontaktieren"". Sie erhalten anschliessend eine automatisierte E-Mail mit den Besichtigungsinformationen sowie der M√∂glichkeit, sich digital auf die Wohnung zu bewerben und/oder uns allf√§llige Fragen zu stellen.Wir freuen uns auf Ihre digitale Bewerbung nach der Besichtigung."
"Schaffhauserstrasse 30, 8006 Z√ºrich",5 Zimmer,99m¬≤,CHF 5‚Äô550.‚Äì,Zentrale Wohnlage!,"Wir vermieten eine zentral gelegene 5-Zimmerwohnung in der Stadt Z√ºrich. Das Wohnobjekt bietet Ihnen die folgenden Annehmlichkeiten: - Wohnr√§ume mit Parkettboden- K√ºche mit Geschirrsp√ºler- Badezimmer/WC mit Badewanne- Balkon- Keller- und EstrichabteilIn dieser Liegenschaft stehen leider keine Parkpl√§tze zur Verf√ºgung.Bei den Bildern handelt es sich um Musterfotos, welche den Ausbaustandard veranschaulichen. Die genaue Raumaufteilung k√∂nnen Sie dem angef√ºgten Grundriss entnehmen. Die Bus- und Tramhaltestelle ""Schaffhauserplatz"" mit diversen Verbindungen in verschieden Richtungen erreichen Sie bequem zu Fuss. Diverse Einkaufsm√∂glichkeiten (wie z.B. Coop, Migros) befinden sich ebenfalls in unmittelbarer N√§he der Liegenschaft. Haben wir Ihr Interesse geweckt? Dann kontaktieren Sie uns direkt im Onlineinserat √ºber ""Anbieter kontaktieren"". Sie erhalten anschliessend eine automatisierte E-Mail mit den Besichtigungsinformationen sowie der M√∂glichkeit, sich digital auf die Wohnung zu bewerben und/oder uns allf√§llige Fragen zu stellen.Wir freuen uns auf Ihre digitale Bewerbung nach der Besichtigung."
"Alfred Escher-Str. 36, 8002 Z√ºrich",3 Zimmer,67m¬≤,CHF 2‚Äô870.‚Äì,Befristet - 15.08.3035,"An Top-Wohnlage, nahe dem Z√ºrichsee vermieten wir in einer gepflegten Liegenschaft befristet bis zum 15.08.3035 diese tolle 3-Zimmerwohnung. Dieses Objekt bietet Ihnen nebst der zentralen Wohnlage den folgenden Ausbaustandard:- praktischer Wandschrank im Korridor- Wohn- und Schlafzimmer mit Parkettboden- Wohnzimmer mit Zugang zum gr√∂sseren Balkon- K√ºche und Korridor mit PVC-Bodenbelag- abschliessbare K√ºche mit Plattenherd - mit Backofen und grossem K√ºhlschrank- mit Zugang zum kleinen Balkon- Badezimmer mit Badewanne und Lavabo- separates WC mit Lavabo- Keller- und EstrichabteilDie Musterfotos zeigen den Ausbaustandard der Wohnung und k√∂nnen vom tats√§chlichen Grundriss abweichen. Zurzeit stehen in dieser Liegenschaft leider keine Parkpl√§tze zur Verf√ºgung. Die Wohnung befindet sich an zentraler Lage mitten in der Stadt Z√ºrich. An den Bahnhof sowie an die Bus- und Tramhaltestelle ""Enge"" mit diversen Linien in verschiedene Richtungen gelangen Sie bequem zu Fuss. Die Umliegenden Stadtkreise sowie den Z√ºrcher Hauptbahnhof erreichen Sie so innert K√ºrze! Optimale Einkaufsm√∂glichkeiten (wie z.B. Migros, Coop, Apotheke) sowie zahlreiche Dienstleister befinden sich ebenfalls in unmittelbarer N√§he. Den sch√∂nen Z√ºrichsee, welcher zum Baden, Spazieren und Verweilen einl√§dt befindet sich praktisch vor Ihrer Haust√ºre. Hier k√∂nnen Sie den stressigen Alltag hinter sich lassen!Haben wir Ihr Interesse geweckt?Dann kontaktieren Sie uns direkt im Onlineinserat √ºber ""Anbieter kontaktieren"". Sie erhalten anschliessend eine automatisierte E-Mail mit den Besichtigungsinformationen sowie der M√∂glichkeit, sich digital auf die Wohnung zu bewerben und/oder uns allf√§llige Fragen zu stellen."
"Alfred Escher-Str. 36, 8002 Z√ºrich",3 Zimmer,67m¬≤,CHF 2‚Äô870.‚Äì,Befristet - 15.08.3035,"An Top-Wohnlage, nahe dem Z√ºrichsee vermieten wir in einer gepflegten Liegenschaft befristet bis zum 15.08.3035 diese tolle 3-Zimmerwohnung. Dieses Objekt bietet Ihnen nebst der zentralen Wohnlage den folgenden Ausbaustandard:- praktischer Wandschrank im Korridor- Wohn- und Schlafzimmer mit Parkettboden- Wohnzimmer mit Zugang zum gr√∂sseren Balkon- K√ºche und Korridor mit PVC-Bodenbelag- abschliessbare K√ºche mit Plattenherd - mit Backofen und grossem K√ºhlschrank- mit Zugang zum kleinen Balkon- Badezimmer mit Badewanne und Lavabo- separates WC mit Lavabo- Keller- und EstrichabteilDie Musterfotos zeigen den Ausbaustandard der Wohnung und k√∂nnen vom tats√§chlichen Grundriss abweichen. Zurzeit stehen in dieser Liegenschaft leider keine Parkpl√§tze zur Verf√ºgung. Die Wohnung befindet sich an zentraler Lage mitten in der Stadt Z√ºrich. An den Bahnhof sowie an die Bus- und Tramhaltestelle ""Enge"" mit diversen Linien in verschiedene Richtungen gelangen Sie bequem zu Fuss. Die Umliegenden Stadtkreise sowie den Z√ºrcher Hauptbahnhof erreichen Sie so innert K√ºrze! Optimale Einkaufsm√∂glichkeiten (wie z.B. Migros, Coop, Apotheke) sowie zahlreiche Dienstleister befinden sich ebenfalls in unmittelbarer N√§he. Den sch√∂nen Z√ºrichsee, welcher zum Baden, Spazieren und Verweilen einl√§dt befindet sich praktisch vor Ihrer Haust√ºre. Hier k√∂nnen Sie den stressigen Alltag hinter sich lassen!Haben wir Ihr Interesse geweckt?Dann kontaktieren Sie uns direkt im Onlineinserat √ºber ""Anbieter kontaktieren"". Sie erhalten anschliessend eine automatisierte E-Mail mit den Besichtigungsinformationen sowie der M√∂glichkeit, sich digital auf die Wohnung zu bewerben und/oder uns allf√§llige Fragen zu stellen."
"Im Str√§ler 9, 8047 Z√ºrich",6 Zimmer,109m¬≤,CHF 3‚Äô920.‚Äì,Familienfreundliches Wohnen mitten in der Stadt Z√ºrich,"Zentrale und grossz√ºgige 6 Zimmer-Wohnung per 01 Mai 2026 im Stadtteil Z√ºrich Albisrieden zu vermieten. Geniessen Sie die einzigartige Aussicht auf den Uetliberg!Die Wohnung besticht durch folgende Merkmale:- K√ºche mit Granitabdeckung und Glaskeramik- Ganze Wohnung mit Parkettboden- Lichtdurchflutete Zimmer - Grossz√ºgiger Wohn-/Essbereich- Mit Reduit- Bad mit Doppellavabo- WC separat- Balkon mit Blick ins Gr√ºne- Lift vorhandenDie Lage:- Sicht auf den Uetliberg- Ideale Verkehrsanbindung- Zentrale Lage mit guten Einkaufsm√∂glichkeiten- Kinderfreundliche √úberbauung- Genug M√∂glichkeiten f√ºr SportBei Bedarf, kann ein Einstellplatz dazu gemietet werden.Haben wir Ihr Interesse geweckt? Wir freuen uns auf Ihre Kontakaufnahme!Bitte beachten Sie, dass es sich bei den Bildern lediglich um Referenzbilder handelt."
"Gotthardstrasse 53, 8002 Z√ºrich",5.5 Zimmer,170m¬≤,CHF 9‚Äô070.‚Äì,5.5 Zimmer-Dachwohnung im Herzen von Z√ºrich,"Suchen Sie eine stilvolle und zentral gelegene Wohnung, die keine W√ºnsche offenl√§sst? Dann ist diese 5.5-Zimmer-Dachwohnung genau das Richtige f√ºr Sie!Highlights der Wohnung:Einzigartige Lage: Mitten in Z√ºrich, in unmittelbarer N√§he zu Einkaufsm√∂glichkeiten, Restaurants und √∂ffentlichen Verkehrsmitteln.Grossz√ºgiger Grundriss: 5.5 Zimmer mit einer idealen Raumaufteilung f√ºr Paare, Familien oder als Wohngemeinschaft.Moderne Ausstattung:Offene und voll ausgestattete K√ºche mit hochwertigen Ger√§ten.Stilvolles Badezimmer mit Badewanne und separates G√§ste-WC.Wohnkomfort:Helle R√§ume mit viel Tageslicht, charmante Dachschr√§gen und ein warmer Parkettboden.Aussicht &amp; Erholung: Geniessen Sie eine traumhafte Aussicht √ºber die D√§cher von Z√ºrich und entspannen Sie sich auf Ihrer privaten Dachterrasse.Bei den publizierten Fotos handelt es sich um typen√§hnliche Wohnungen.Haben wir Ihr Interesse geweckt? Wir freuen uns, Ihnen diese Traumwohnung bei einer Besichtigung pers√∂nlich vorzustellen. Kontaktieren Sie uns noch heute und vereinbaren Sie einen Termin!"
"Gotthardstrasse 53, 8002 Z√ºrich",5.5 Zimmer,190m¬≤,CHF 9‚Äô340.‚Äì,5.5 Zimmer-Dachwohnung im Herzen von Z√ºrich,"Suchen Sie eine stilvolle und zentral gelegene Wohnung, die keine W√ºnsche offenl√§sst? Dann ist diese 5.5-Zimmer-Dachwohnung genau das Richtige f√ºr Sie!Highlights der Wohnung:Einzigartige Lage: Mitten in Z√ºrich, in unmittelbarer N√§he zu Einkaufsm√∂glichkeiten, Restaurants und √∂ffentlichen Verkehrsmitteln.Grossz√ºgiger Grundriss: 5.5 Zimmer mit einer idealen Raumaufteilung f√ºr Paare, Familien oder als Wohngemeinschaft.Moderne Ausstattung:Offene und voll ausgestattete K√ºche mit hochwertigen Ger√§ten.Stilvolles Badezimmer mit Badewanne und separates G√§ste-WC.Wohnkomfort:Helle R√§ume mit viel Tageslicht, charmante Dachschr√§gen und ein warmer Parkettboden.Aussicht &amp; Erholung:¬†Geniessen Sie eine traumhafte Aussicht √ºber die D√§cher von Z√ºrich und entspannen Sie sich auf Ihrer privaten Dachterrasse.Bei den publizierten Fotos handelt es sich um typen√§hnliche Wohnungen.Haben wir Ihr Interesse geweckt? Wir freuen uns, Ihnen diese Traumwohnung bei einer Besichtigung pers√∂nlich vorzustellen. Kontaktieren Sie uns noch heute und vereinbaren Sie einen Termin!"
"Schwingerstrasse 7, 8006 Z√ºrich",6.5 Zimmer,160m¬≤,CHF 6‚Äô840.‚Äì,6.5-Zimmer-Wohnung an zentraler Lage im Kreis 6,N/A
"Schindlerstrasse 5, 8006 Z√ºrich",4.5 Zimmer,88m¬≤,CHF 4‚Äô710.‚Äì,Helle und moderne Stadtwohnung an zentraler Lage,N/A
"Sch√§renmoosstrasse 80, 8052 Z√ºrich",2.5 Zimmer,105m¬≤,CHF 3‚Äô780.‚Äì,Loft in Z√ºrich,N/A
"Wiesenstrasse 14, 8008 Z√ºrich",5.5 Zimmer,170m¬≤,CHF 8‚Äô610.‚Äì,Ruhige Traumwohnung f√ºr eine Familie mit bis zu 5 Personen im Seefeld wird frei!,N/A
"Kanzleistrasse 3, 8004 Z√ºrich",4.5 Zimmer,130m¬≤,CHF 6‚Äô560.‚Äì,4.5 Zimmer Terrassenwohnung in Z√ºrich,N/A
"Zollikerstrasse 6, 8008 Z√ºrich",4.5 Zimmer,130m¬≤,CHF 8‚Äô000.‚Äì,Moderne und helle Attikawohnung nahe Kreuzplatz,"Wir vermieten ab sofort eine zweist√∂ckige 4.5-Zimmer-Attikawohnung beim Kreuzplatz.In unmittelbarer N√§he der Liegenschaft gibt es diverse Einkaufsm√∂glichkeiten und die Anbindung an den √∂ffentlichen Verkehr ist sehr gut. Die Innenstadt erreichen Sie schnell und gr√ºne Erholungsfl√§chen sind in n√§chster N√§he.Die Wohnung verf√ºgt √ºber zwei moderne, helle Nasszellen, eine sch√∂ne, offene K√ºche sowie Echtholzparkett, welches eine warme Wohnatmosph√§re verleiht. Durch den exklusiven Zugang zur Dachterrasse erh√§lt man einen sch√∂nen Blick √ºber einen Teil der Stadt Z√ºrich, ein zweiter Balkon rundet das Angebot f√ºr entspannte Stunden im Freien ab.Haben wir Ihr Interesse geweckt? Dann melden Sie sich bei uns und √ºberzeugen Sie sich vor Ort."
"Riedenhaldenstrasse 257, 8046 Z√ºrich",6.5 Zimmer,140m¬≤,CHF 5‚Äô210.‚Äì,Moderne 6.5-Zimmer-Wohnung an der Riedenhaldenstra√üe 257,"An der Riedenhaldenstra√üe 257 vermieten wir nach einer hochwertigen und umfassenden Renovation im Minergie-Standard eine wundersch√∂ne 6.5-Zimmer-Wohnung. Highlights der Wohnung: ‚Ä¢ Lichtdurchflutete R√§ume mit hochwertigem Parkettboden in allen Zimmern ‚Ä¢ Moderne K√ºche mit vollst√§ndiger Ausstattung alles, was man braucht ‚Ä¢ Haustiere erlaubt Wichtiger Hinweis:Die Liegenschaft verf√ºgt √ºber keinen Lift. Das bietet die Lage: ‚Ä¢ Nur wenige Schritte zur unber√ºhrten Natur und dem Bahnhof ‚Ä¢ Einkaufsm√∂glichkeiten, Restaurants und die Post befinden sich im Umkreis von 200 Metern Verf√ºgbarkeit: Nach Vereinbarung Interessiert? Gerne geben wir Ihnen erg√§nzende Informationen. Wir freuen uns auf Ihre Kontaktaufnahme!"
"Seminarstr. 1, 8006 Z√ºrich",4.5 Zimmer,93m¬≤,CHF 5‚Äô360.‚Äì,4.5-Zimmer-Wohnung am Schaffhauserplatz zu vermieten,"4.5-Zimmer-Wohnung im 1. Obergeschoss in zentraler LageHighlights der Wohnung: ‚Ä¢ Grossz√ºgige 4.5 Zimmer ‚Ä¢ Badezimmer mit Badewanne ‚Ä¢ Moderne Ausstattung, inkl. Geschirrsp√ºler ‚Ä¢ Frisch renoviert Umgebung: ‚Ä¢ 2 Minuten zu Fuss zum Schaffhauserplatz ‚Ä¢ 7 Minuten mit dem Tram zum Hauptbahnhof Z√ºrich ‚Ä¢ 5 Minuten zu Fuss zu diversen Einkaufsm√∂glichkeiten und Restaurants ‚Ä¢ √ñffentlicher Verkehr: Hervorragende Anbindung an Tram, Bus und S-Bahn Bitte beachten Sie, dass die Wohnung von den gezeigten Fotos abweichen kann, da diese zur Veranschaulichung dienen. Der Grundriss entspricht jedoch der tats√§chlichen Wohnung. Alle weiteren Informationen bez√ºglich der Besichtigungstermine erhalten Sie nach Ihrer Anmeldung."
"Am Oeschbrig 34, 8053 Z√ºrich",5.5 Zimmer,190m¬≤,CHF 5‚Äô670.‚Äì,Wohnen am Stadtrand,N/A
"Hegibachstrasse 51, 8032 Z√ºrich",4 Zimmer,71m¬≤,CHF 4‚Äô580.‚Äì,N/A,N/A
"Auwiesenstrasse 27, 8050 Z√ºrich",3.5 Zimmer,60m¬≤,CHF 3‚Äô050.‚Äì,¬´AUWI¬ª Where Urban Meets Green,N/A
"Kirchenfeld 59, 8052 Z√ºrich",7.5 Zimmer,270m¬≤,CHF 5‚Äô460.‚Äì,Einmalige Duplexwohnung mit Chemin√©e an zentraler Lage mieten!,N/A
"Rotbuchstrasse 9, 8006 Z√ºrich",2 Zimmer,15m¬≤,CHF 2‚Äô500.‚Äì,City Pop - Cosy Studio Apartments close to Z√ºrich centre,"Neu er√∂ffnet! Ab dem 20.04.2025 bieten wir zentral gelegene Apartments im Geb√§ude City Pop Zurich Urban an der Rotbuchstrasse 9, 8006 Z√ºrich an, die zwischen 27 und 34 Quadratmeter gro√ü sind. Ab 425 CHF/Woche k√∂nnen Sie aus verschiedenen Pop-Typen w√§hlen: L Deluxe, XL Deluxe, XXL.Die beigef√ºgten Bilder stammen aus anderen City Pop Apartments und sind als repr√§sentativ zu betrachten. Die M√∂blierung ist gleich, das Layout k√∂nnte variieren.Diese m√∂blierten Apartments bieten ein authentisches Wohnerlebnis. Da die Bauarbeiten noch im Gange sind, stehen uns noch keine Originalfotos zur Verf√ºgung.So buchen Sie Ihr Apartment:Laden Sie einfach unsere App herunter: ‚Ä¢ F√ºr iOS: Suchen Sie nach City Pop im App Store. ‚Ä¢ F√ºr Android: Suchen Sie nach City Pop im Google Play Store. Nach der Installation der App erstellen Sie ein Konto und navigieren Sie zum Suchbereich. Folgen Sie diesen Schritten: ‚Ä¢ W√§hlen Sie ""Suchen und Jetzt Buchen!"" ‚Ä¢ W√§hlen Sie Z√ºrich als Ihre Stadt. ‚Ä¢ Setzen Sie Ihre gew√ºnschten Check-in- und Check-out-Daten. Die Apartments sind vollst√§ndig ausgestattet, einschlie√ülich: ‚Ä¢ K√ºche, Wohnzimmer, Schlafzimmer und Bad. ‚Ä¢ Vollst√§ndiges Inventar f√ºr die K√ºche (Teller, Gl√§ser, T√∂pfe usw.). ‚Ä¢ Schlafbereich und Bad (mit Handtuchset). ‚Ä¢ Nebenkosten inklusive. ‚Ä¢ Wi-Fi und Smart TV. Die Pop Apartments k√∂nnen f√ºr einen Mindestzeitraum von 4 Wochen gebucht werden. Zudem wird eine breite Palette von Standard- und Zusatzdiensten verf√ºgbar sein, die √ºber die City Pop App aktiviert werden k√∂nnen, darunter: ‚Ä¢ Reinigungsservice (w√∂chentlich, zweiw√∂chentlich). ‚Ä¢ Waschraum Das Geb√§ude wird auch √ºber fantastische Gemeinschaftsr√§ume verf√ºgen, darunter: ‚Ä¢ Co-Living-Bereiche. ‚Ä¢ Co-working Bereiche. ‚Ä¢ Terrace. Es ist so einfach wie ein Hotelzimmer zu buchen! Die Reservierungen sind jetzt ge√∂ffnet! Worauf warten Sie noch? Buchen Sie jetzt Ihren Aufenthalt im City Pop Zurich Urban, Rotbuchstrasse 9, 8006 Z√ºrich!Wenn Sie Fragen haben oder weitere Informationen ben√∂tigen, z√∂gern Sie bitte nicht, uns unter contact.ch@citypop.com zu kontaktieren. Unser Team steht Ihnen gerne zur Verf√ºgung.Bitte Beachte: Die Bilder stammen aus anderen bereits betriebenen City Pop Apartments. Das Layout bleibt jedoch unver√§ndert, da sich die Apartments derzeit in der Endfertigungsphase befinden.____________________________________________________________________ENGCity Pop Zurich Urban - The flexible solution for short and long stays that makes you feel at home.Newly opened! Starting from April 20, 2025, we offer centrally located apartments at City Pop Zurich Urban, Rotbuchstrasse 9, 8006 Zurich, ranging from 27 to 34 square meters. From 425 CHF/week, you can choose from various Pop types: L Deluxe, XL Deluxe, XXL.The attached images are from other City Pop apartments and are to be considered representative. The furnishings are the same, but the layout may vary.These furnished apartments provide an authentic living experience. As construction is still ongoing, we do not yet have original photos.How to book your apartment:Simply download our app: ‚Ä¢ For iOS: Search for City Pop in the App Store. ‚Ä¢ For Android: Search for City Pop in the Google Play Store. Once the app is installed, create an account and navigate to the search section. Follow these steps: ‚Ä¢ Select ""Search and Book Now!"" ‚Ä¢ Choose Zurich as your city. ‚Ä¢ Set your desired check-in and check-out dates. The apartments are fully equipped, including: ‚Ä¢ Kitchen, living room, bedroom, and bathroom. ‚Ä¢ Complete kitchen inventory (plates, glasses, pots, etc.). ‚Ä¢ Sleeping area and bathroom (with towel set). ‚Ä¢ All utilities included. ‚Ä¢ Wi-Fi and Smart TV. Pop apartments can be booked for a minimum period of 4 weeks. Additionally, a wide range of standard and additional services will be available, activated via the City Pop app, including: ‚Ä¢ Cleaning service (weekly, bi-weekly). ‚Ä¢ Laundry. The building will also feature fantastic communal spaces, including: ‚Ä¢ Co-living areas. ‚Ä¢ Co-working areas. It‚Äôs as simple as booking a hotel room! Reservations are now open! What are you waiting for? Book your stay at City Pop Zurich Urban, Rotbuchstrasse 9, 8006 Zurich, now!If you have any questions or need further information, please do not hesitate to contact us at contact.ch@citypop.com. Our team is here to assist you.Please note: The images are from other already operational City Pop apartments. However, the layout remains unchanged, as the apartments are currently in the final finishing phase."
